id;en;tu;fr;es;jp;ko;sc;tc;de;ru;it;bp
update_notice;This free update adds more than 100 new cards including: 
- 1 new character
- 3 new deaths
- 5 new objectives
- 1 fake elephant
The main plot should be slightly easier to solve now. The game should be slightly less repetitive. If you want to reset the game, touch the screen with 2 fingers for 5 seconds. Thank you for the amazing welcome you gave Reigns!;Bu ücretsiz güncelleme, yüzden fazla yeni kart ekler. Bunlardan bazıları: 
- 1 yeni karakter
- 3 yeni ölüm
- 5 yeni hedef
- 1 sahte fil
Ana hikayeyi çözmek artık biraz daha kolay olmalı. Oyun artık kendini daha az tekrar ediyor. Oyunu sıfırlamak istersen, ekrana 2 parmağınla 5 saniyeliğine dokun. Reigns'e böylesine sevgi gösterdiğiniz için teşekkürler!;Cette mise à jour gratuite ajoute plus de 100 cartes, parmi lesquelles :
 - 1 nouveau personnage
 - 3 nouvelles façons de mourir
 - 5 nouveaux objectifs
 - 1 faux éléphant
 Il devrait être plus simple d'aller au bout de l'histore principale. Et le jeu devrait être un peu moins répétitif. Pour recommencer le jeu à zéro, touchez l'écran avec deux doigts pendant 5 secondes. Et un grand merci pour l'incroyable accueil que vous avez réservé à Reigns !;Esta actualización gratuita añade más de 100 cartas, entre las cuales:
- 1 nuevo personaje
- 3 nuevas muertes
- 5 nuevos objetivos
- 1 falso elefante
En principio ahora debería ser más fácil llegar al final de la historia. Además, el juego debería ser un poco menos repetitivo. Para comenzar a jugar de cero, toca la pantalla con 2 dedos durante 5 segundos. ¡Y muchas gracias por la gran acogida que le habéis dado a Reigns!;無料アップデートで、新たなカードが100枚以上追加されました！さらに… 
 - 新キャラクターを1人追加！
 - 新たな最期を3パターン追加！
 - 新たな目標を5つ追加！
 - 偽のゾウ（？）を1匹追加！
 また、メインルート攻略の難易度が少し下がりました。同じカードが出る確率も、少し下がっています。ゲームをリセットするには、2本の指で画面を5秒間タッチしてください。引き続き、「Reigns」をお楽しみください！;이 무료 업데이트는 100개가 넘는 카드를 포함해 다음 내용을 담고 있습니다: 
- 한 명의 새로운 캐릭터
- 세 가지의 새로운 죽음
- 다섯 개의 새로운 목표
- 한 마리의 낚시용 코끼리
메인 진행의 구성이 이전보다 좀 더 유연해져 이전보다 덜 지루하고 쉽게 플레이하실 수 있습니다. 만약 게임을 초기화하고 싶으시다면, 두 손가락으로 화면을 5초간 눌러주세요. Reigns에 돌아오신 것을 환영합니다!;本次免费升级添加了超过100张新卡牌，包括： 
- 1 名新角色
- 3 种新死亡方式
- 5 个新任务目标
- 1 头伪造的大象
主线剧情会变得更加容易解决。游戏后期的重复问题也会稍微缓解。如果你想要重置游戏，请用两根手指长按屏幕5秒以上。感谢大家对 Reigns 一直以来的支持！;本次免費升級添加了超過100張新卡牌，包括： 
- 1 名新角色
- 3 種新死亡方式
- 5 個新任務目標
- 1 頭偽造的大象
主線劇情會變得更加容易解決。遊戲後期的重複問題也會稍微緩解。如果你想要重置遊戲，請用兩根手指長按螢幕5秒以上。感謝大家對 Reigns 一直以來的支持！;Dieses kostenlose Update fügt mehr als 100 neue Karten hinzu, darunter: 
 - 1 neuer Charakter
 - 3 neue Tode
 - 5 neue Ziele
 - 1 falscher Elefant
 Die Haupthandlung sollte jetzt etwas leichter abzuschließen sein. Das Spiel wiederholt sich etwas weniger. Für einen Neustart des Spiels kann der Bildschirm 5 Sekunden lang mit zwei Fingern berührt werden. Vielen Dank, dass Reigns so großen Anklang gefunden hat!;В этом бесплатном обновлении появится более 100 новых карт, в том числе:
 - 1 новый персонаж
 - 3 новые смерти
 - 5 новых целей
 - 1 фальшивый слон
 Основной сюжет станет теперь несколько проще для распутывания. В игре будет чуть меньше повторений. Если хотите перезапустить игру, прикоснитесь к экрану двумя пальцами и удерживайте 5 секунд. Спасибо за столь теплый прием Reigns!;Questo aggiornamento gratuito contiene più di 100 nuove carte, tra cui:
 - 1 nuovo personaggio
 - 3 nuove morti
 - 5 nuovi obiettivi
 - 1 finto elefante
 Ora la trama principale dovrebbe essere leggermente più facile da risolvere. Il gioco dovrebbe essere un po' meno ripetitivo. Se desideri resettare il gioco tocca lo schermo con due dita per 5 secondi. Grazie del favoloso benvenuto che hai riservato a Reigns!;Esta atualização grátis adiciona mais de 100 cartas novas, incluindo:
 - 1 novo personagem
 - 3 novas mortes
 - 5 novos objetivos
 - 1 elefante de mentira
 Tentamos deixar o enredo principal um pouco mais fácil de ser solucionado. O jogo agora ficou um pouco menos repetitivo. Se você quiser recomeçar o jogo, toque na tela com 2 dedos por 5 segundos. Obrigado pela incrível receptividade que vocês deram ao Reigns!
longest_reign;The longest Reign;En uzun Saltanat;Le Règne le plus long;El reinado más largo;最長統治期間;최장 통치 기간;最长在位;最長在位;Die längste Herrschaft;Самое долгое правление;Il Regno più lungo;O reinado mais longo
longest_reign_unit;year;yıl;an;año;年;년;年;年;Jahr;год/года/лет;anno;ano
longest_reign_units;years;yıl;ans;años;年;년;年;年;Jahre;год/года/лет;anni;anos
allcards;All the cards;Tüm kartlar;Toutes les cartes;Todas las cartas;カードコンプ;카드 수집왕;所有卡牌;所有卡牌;Alle Karten;Карты вскрыты;Tutte le carte;Todas as cartas
allcards_descript;Read all the cards;Tüm kartları oku;Lire toutes les cartes;Leer todas las cartas;すべてのカードを読む;모든 카드를 본다;阅读所有卡牌;閱讀所有卡牌;Lest alle Karten;Прочитать все карты;Leggi tutte le carte;Ler todas as cartas
allcharacters;All the characters;Tüm karakterler;Tous les personnages;Todos los personajes;キャラクターコンプ;인맥왕;所有角色;所有角色;Alle Charaktere;Знакомые все лица;Tutti i personaggi;Todos os personagens
allcharacters_descript;Meet all the characters;Tüm karakterlerle tanış;Rencontrer tous les personnages;Conocer a todos los personajes;すべてのキャラクターと出会う;모든 캐릭터를 만난다;遭遇所有角色;遭遇所有角色;Begegnet allen Charakteren;Встретить всех персонажей;Incontra tutti i personaggi;Encontrar todos os personagens
alldeaths;All the deaths;Tüm ölümler;Toutes les morts;Todas las muertes;デスコンプ;죽음왕;所有死法;所有死法;Alle Tode;Всем смертям бывать;Tutte le morti;Todas as mortes
alldeaths_descript;Suffer all the deaths;Tüm ölümleri yaşa;Subir toutes les morts;Sufrir todas las muertes;全種類の最期を体験する;모든 종류의 죽음을 체험한다;死法全体验;死法全體驗;Erleidet alle Tode;Умереть всеми смертями;Subisci tutte le morti;Sofrer todas as mortes
below3y;Shooting star;Yıldız kayması;Étoile filante;Estrella fugaz;流星王;유성왕;流星;流星;Sternschnuppe;Падающая звезда;Meteora;Estrela cadente
below3y_descript;Govern less than 3 years;3 yıldan az hüküm sür;Être au pouvoir moins de 3 ans;Mantenerse en el poder menos de 3 años;即位から3年未満で崩御する;즉위 3년 미만에 승하한다;即位不满3年;即位不滿3年;Regiert weniger als 3 Jahre;Править менее трех лет;Governa per meno di 3 anni;Governe por menos de 3 anos
millenium;Millenium;Milenyum;Millénaire;Milenio;ミレニアム;밀레니엄;千禧;千禧;Millennium;Миллениум;Millennio;Milênio
millenium_descript;Reach year 2000;2000 yılına ulaş;Atteindre l'an 2000;Llegar al año 2000;2000年に到達する;2000년에 도달한다;抵达2000年;抵達2000年;Erreicht das Jahr 2000;Дожить до 2000 года;Raggiungi l'anno 2000;Chegue ao ano 2.000
over5skeletonkill;Duelist;Düellocu;Duelliste;Duelista;剣の達人;검술의 달인;决斗王;決鬥王;Duellant;Дуэлянт;Duellante;Duelista
over5skeletonkill_descript;Beat the skeleton more than 5 times in a row;İskeleti arka arkaya 5 seferden fazla yen;Battre le squelette plus de 5 fois de suite;Derrotar al esqueleto más de 5 veces;スケルトンを連続5回以上倒す;해골을 연속 5회 이상 이긴다;连续5次战胜骷髅;連續5次戰勝骷髏;Besiegt das Skelett mehr als fünfmal in Folge;Победить скелета более пяти раз подряд;Batti lo scheletro più di 5 volte di fila;Derrote o esqueleto mais de 5 vezes seguidas
over50y;Elder;Yaşlı;Ancien;Anciano;老王;노인왕;长者;長者;Ältester;Старший;Anziano;Ancião
over50y_descript;Govern more than 50 years;50 yıldan fazla hüküm sür;Être au pouvoir plus de 50 ans;Mantenerse en el poder más de 50 años;50年以上統治する;50년 이상 통치한다;治国50年以上;治國50年以上;Regiert mehr als 50 Jahre;Править более 50 лет;Governa per più di 50 anni;Governe por mais de 50 anos
over100y;Mummy;Mumya;Momie;Momia;木乃伊王;미라왕;木乃伊;木乃伊;Mumie;Мумия;Mummia;Múmia
over100y_descript;Govern more than 100 years;100 yıldan fazla hüküm sür;Être au pouvoir plus d'un siècle;Mantenerse en el poder más de un siglo;100年以上統治する;100년 이상 통치한다;治国百年以上;治國百年以上;Regiert mehr als 100 Jahre;Править более 100 лет;Governa per più di 100 anni;Governe por mais de 100 anos
over100deaths;Hecatomb;Katliam;Hécatombe;Hecatombe;百の犠牲;사망전문가;百人坑;百人坑;Hekatombe;Гекатомба;Ecatombe;Hecatombe
over100deaths_descript;Suffer more than a hundred deaths;Yüzden fazla ölüm yaşa;Subir plus de 100 morts;Sufrir más de 100 muertes;100回以上死ぬ;100번 이상 사망한다;死亡百次以上;死亡百次以上;Erleidet mehr als 100 Tode;Умереть более сотни раз;Subisci più di cento morti;Sofra mais de cem mortes
truepacifist;True pacifist;Gerçek pasifist;Vrai pacifiste;Verdadero pacifista;True Pacifist;진정한 평화주의자;真和平主义者;真和平主義者;Wahrer Pazifist;Истинный пацифист;Pacifista;Verdadeiro pacifista
truepacifist_descript;Do not fulfill the Death Wish;Ölüm Dileğini yerine getirme;Ne pas céder au Vœu de mort;No ceder al Deseo Mortal;死の宣告を実行しない;죽음의 선고를 하지 않는다;不触发死咒;不觸發死咒;Erfüllt den Todeswunsch nicht;Не выполнять Пожелание Смерти;Non soddisfare l'Ultimo desiderio;Não realize o desejo de morte
final_loop;The End n°1;1. Son;Fin n°1;Final n°1;エンディングNo.1;엔딩 No.1;结局1;結局1;Erstes Ende;Концовка №1;La fine n°1;O final nº 1
final_loop_descript;Trapped in an endless middle-age;Sonsuz orta çağda hapsol;Perdu dans un Moyen-Âge sans fin;Perdido en una edad media sin fin;終わらない中世で永遠に生死をくり返す;끝나지 않는 중세에서 영원히 생사를 반복한다;被困在永无止境的中世纪王国;被困在永無止境的中世紀王國;Sitzt im endlosen Mittelalter fest;Навсегда застрял в среднем возрасте;In trappola in un Medioevo infinito;Preso em uma eterna idade média
final_hell;The End n°2;2. Son;Fin n°2;Final n°2;エンディングNo.2;엔딩 No.2;结局2;結局2;Zweites Ende;Концовка №2;La fine n°2;O final nº 2
final_hell_descript;Rot in hell for eternity;Ebediyen cehennemde çürü;Pourrir en enfer pour l'éternité;Pudrirse en el infierno para siempre;永遠に地獄を味わう;영원히 지옥을 맛본다;下地狱永世不得超生;下地獄永世不得超生;Schmachtet ewig in der Hölle;Гнить в аду целую вечность;Marcisci all'inferno per l'eternità;Sofra eternamente no inferno
final_free;The End n°3;3. Son;Fin n°3;Final n°3;エンディングNo.3;엔딩 No.3;结局3;結局3;Drittes Ende;Концовка №3;La fine n°3;O final º3
final_free_descript;Trick the Devil;Şeytanı kandır;Jouer un tour au Démon;Jugársela al Diablo;悪魔を欺く;악마를 속인다;骗过恶魔;騙過惡魔;Betrügt den Teufel;Обмануть Дьявола;Inganna il Diavolo;Engane o Diabo