tag;en_title (max: 17 char);tu_title;fr_title;es_title;jp_title;ko_title;sc_title;tc_title;de_title;ru_title;it_title;bp_title;en_description (max: 140 char);tu_description;fr_description;es_description;jp_description;ko_description;sc_description;tc_description;de_description;ru_description;it_description;bp_description
crusade_keep;Crusader;Haçlı;Croisé;Cruzado;聖戦の騎士;성전의 기사;圣战;聖戰;Kreuzritter;Крестоносец;Crociato;Cruzado;The slaughter of infidels is a lucrative way to decrease your population each year.;Kafir katliamı, her yıl nüfus kaybetmek için harika bir yoldur.;Le massacre des infidèles est une manière lucrative de diminuer votre population chaque année.;La masacre de infieles es una manera lucrativa de disminuir la población cada año.;異教徒を虐殺しつづければ、+国庫は潤うだろう。+ただし、国の人口はみるみる減っていく。;이교도를 계속 학살하면 국고는 늘어날 것입니다. 하지만 국가의 인구는 순식간에 줄어듭니다.;用屠杀异教徒的方法来减少本国人口，+相当有得赚。;用屠殺異教徒的方法來減少本國人口，+相當有得賺。;Das Abschlachten von Ungläubigen ist ein lukrativer Weg, jedes Jahr Eure Bevölkerung zu verringern.;Истребление неверующих — выгодный способ ежегодно сокращать население.;L’annuale sterminio di infedeli è un modo vantaggioso di ridurre la popolazione.;O massacre de infiéis é uma forma lucrativa de diminuir a população a cada ano.
isSlaver;Slaver;Köle Taciri;Esclavagiste;Esclavista;奴隷商;노예상;奴隶主;奴隸主;Sklavenhändler;Работорговец;Schiavista;Escravista;The slave trade gives you access to an infinite amount of cash. But what about your soul?;Köle ticareti sınırsız zenginlik sağlıyor. Peki ya ruhunuz?;Le commerce des esclaves vous donne accès à une infinie montagne de devises. Mais votre âme ?;La trata de esclavos os da acceso a una montaña de dinero al contado. Pero, ¿y vuestro alma?;奴隷の売買に手を染めれば、+無限の財が手に入る。+良心さえ痛まなければ、+なんの問題もない…;노예매매에 손을 대면 재물을 무한정 손에 넣을 수 있습니다. 양심에만 거리낄 것이 없다면 아무 문제도 없습니다.;奴隶贸易让你有花不尽的钱，+但试问你的灵魂又如何呢？;奴隸貿易讓你有花不盡的錢，+但試問你的靈魂又如何呢？;Der Sklavenhandel verspricht Einkünfte ohne Ende. Aber was ist mit Eurer Seele?;Работорговля дает вам неописуемую прибыль. Но что спасет вашу душу?;"La tratta degli schiavi Vi dà accesso a una quantità infinita di denaro; ma che ne è della Vostra anima?";A escravidão dá acesso a muito dinheiro... mas e a sua alma?
plague;Black Death;Kara Ölüm;Peste Noire;Peste Negra;黒死病;흑사병;黑死病;黑死病;Schwarzer Tod;Черная смерть;Morte nera;Peste negra;The plague is decimating your population. It's a bleak time to be a citizen of the Kingdom.;Veba halkınızı kırıp geçiriyor. Krallık halkı için kötü bir zaman.;La peste décime votre population. C'est une période sombre pour tout le royaume.;La peste diezma vuestra población. Es una época oscura para todo el reino.;疫病で民が次々と命を落としていく。+王国に暗黒の時代が訪れた。;역병으로 백성들이 목숨을 ​​잃어갑니다. 왕국에 암흑시대가 찾아왔습니다.;瘟疫让民众大批死亡，+这年头身为百姓就比较遭罪了。;瘟疫讓民眾大批死亡，+這年頭身為百姓就比較遭罪了。;Die Pest dezimiert Eure Bevölkerung. Eine düstere Epoche für das Königreich.;Чума уносит жизни ваших подданных. Мало кто захочет жить в вашем Королевстве в такое время.;La pestilenza sta decimando il Vostro popolo. È un momento cupo per i cittadini del Regno.;A praga está acabando com a população. São tempos difíceis para os cidadãos do reino.
isOblivious;Clarity;Berraklık;Clarté;Claridad;第六感;육감;澄澈;澄澈;Klarheit;Дающий забвение;Chiarezza;Ignorante;From now on, you will know how your decisions affect the Kingdom. Is it a gift or a malediction?;Artık kararlarınızın Krallığı nasıl etkileyeceğini bileceksiniz. Bu bir lütuf mu, lanet mi?;Désormais, vous saurez plus précisément de quelle manière vos décisions affectent le royaume. Est-ce un don ou une malédiction ?;A partir de ahora sabréis exactamente de qué manera afectan vuestras decisiones al resto del reino. ¿Un don o una maldición?;今後は、自らの決断が国に及ぼす影響を+正確に予見できるだろう。+これは祝福か…それとも呪いだろうか？;앞으로 자신의 결단이 국가에 미치는 영향을 정확하게 예견할 수 있을 것입니다. 이것은 축복일까요... 아니면 저주일까요?;从现在起，+你能清晰地看透自己的决定+将为王国带来怎样的影响，+这究竟是上天的馈赠，+还是恶毒的诅咒？;從現在起，+你能清晰地看透自己的決定+將為王國帶來怎樣的影響，+這究竟是上天的饋贈，+還是惡毒的詛咒？;Ab jetzt wisst Ihr genau, wie sich Eure Entscheidungen auf das Königreich auswirken. Ist das eine Gabe oder ein Fluch?;С этого момента вы будете знать, к чему приведут ваши решения. Дар или проклятие?;D’ora in poi saprete quali effetti hanno le Vostre decisioni sul Regno. È un dono o una maledizione?;De agora em diante, você saberá exatamente como suas decisões afetam o reino. É uma bênção ou uma maldição?
isDeaf;Old Age;İhtiyarlık;Grand Âge;Edad Avanzada;老いの衰え;노화;高龄;高齡;Hohes Alter;Старик;Età avanzata;Velhice;You won't be able to hear or understand properly. Scared, you try very hard to hide your ailment from the court.;Düzgün duyamayacak, anlayamayacaksınız. Korku içinde, hastalığınızı saraydan saklamak için elinizden geleni yapıyorsunuz.;Vous n'entendez ni ne comprenez plus correctement. Effrayé, vous essayez à tout prix de cacher votre infirmité à la cour.;No comprendéis ni oís correctamente. Asustado, intentáis a toda costa ocultar vuestro malestar a los otros miembros la corte.;人の声が聞き取りにくくなり、+もはや正しく理解できない。+自身の異変におびえた王は、+このことを周囲の者たちにひた隠しにする。;사람의 목소리가 잘 들리지 않아 정확히 알아들을 수 없습니다. 자신의 이변에 위협을 느낀 왕은 이를 주변 사람들에게 알리지 않을 것입니다.;你的耳背了，头昏了，+很难再听清和听懂别人的话。+为了不让臣下知道你的苦尽，+你惶恐地尽一切努力掩饰这一点。;你的耳背了，頭昏了，+很難再聽清和聽懂別人的話。+為了不讓臣下知道你的苦盡，+你惶恐地盡一切努力掩飾這一點。;Ihr hört und versteht nicht mehr richtig. Ängstlich versucht Ihr, Euer Leiden vor dem Hof zu verbergen.;Вы не сможете хорошо слышать и понимать людей. В ужасе, вы будете пытаться скрыть свою немощность от придворных.;Non riuscirete più a sentire o capire correttamente. In preda alla paura, cercate disperatamente di nascondere la malattia alla corte.;Você não ouvirá nem entenderá tudo. Assustado, você tentará a todo custo esconder sua debilidade da corte.
isLover;Lover;Sevdalı;Amant;Amante;愛の奴隷;사랑의 노예;情人;情人;Liebhaber;Любовник;Amante;Amante;You won't be able to say "no" to your paramour. The Church disapproves, but it mesmerizes your people.;Aşkınıza "hayır" diyemeyeceksiniz. Kilise bunu onaylamıyor ama halkınız buna hayran.;Vous ne pourrez plus dire "non" à votre paramour. L'Église désapprouve, mais cela fascine votre peuple.;No podéis decir "no" a vuestro amante. La Iglesia os desaprueba, pero el pueblo está fascinado.;王は、愛人の意見に+一切異を唱えられない。+教会は眉をひそめるが、+国民は王室のスキャンダルに夢中だ。;왕은 애인의 의견에 일체 이의를 제기할 수 없습니다. 교회는 눈살을 찌푸리지만 국민은 왕실의 스캔들에 열광합니다.;你无法对你的情人说“不”。+教会对你不满，+但民众却为之痴迷。;你無法對你的情人說“不”。+教會對你不滿，+但民眾卻為之癡迷。;Zu Eurer Mätresse könnt Ihr nicht "Nein" sagen. Die Kirche missbilligt es, aber Euer Volk ist fasziniert.;Вы не сможете отказать объекту вашей любви. Церковь этого не одобрит, зато народ будет просто очарован.;Vi è impossibile dire di “no” a un amante. La Chiesa disapprova, ma il popolo è incantato.;Você não saberá dizer “não” à sua amante. A Igreja não aprova, mas o povo fica fascinado.
intheDungeon;Enter the Pungeon;Zindanda Mahkum;Enter the Pungeon;Enter the Pungeon;エンター・ザ・…;던전의 미아;地牢探险;地牢探險;Enter the Pungeon;Пан или пропал;Prigione;Enter the Reignon;There's no way back and in your absence, the Kingdom ineluctably falls into anarchy.;Geri dönüş yok ve yokluğunuzda, kaçınılmaz biçimde, Krallığa kargaşa hakim oluyor.;Impossible de faire machine arrière. En votre absence, le Royaume sombre inéluctablement dans le chaos et l'anarchie.;No hay vuelta atrás. En vuestra ausencia, el reino cae inevitablemente en el caos.;ひとたびダンジョンに足を踏み入れれば、+後戻りはできない。+王の不在で無法状態となった国は、+たちまち荒れ果てるだろう。;일단 지하 감옥에 발을 디디면 되돌아갈 수 없습니다. 왕의 부재로 무법지대가 된 나라는 금세 파멸할 것입니다.;已无归途，没有你在的王国，+终于不可避免地陷入了混乱。;已無歸途，沒有你在的王國，+終於不可避免地陷入了混亂。;Es gibt keinen Weg zurück und in Eurer Abwesenheit verfällt das Königreich unweigerlich in Anarchie und Chaos.;Назад пути не будет, а в ваше отсутствие Королевство неизбежно впадет в анархию.;Impossibile fare marcia indietro. In Vostra assenza, il Regno cade ineluttabilmente nell’anarchia.;Agora não há volta, e o reino é tomado pela anarquia sem sua presença.
fortification_keep;High Walls;Yüksek Surlar;Hauts Murs;Altos Muros;高い城壁;높은 성벽;高墙;高牆;Hohe Mauern;Высокие стены;Alte mura;Paredes altas;The fortifications are an excellent way to repel invaders. Useful when your army is weak.;Surlar, işgalcileri püskürtmenin iyi bir yolu. Ordunuz zayıf olduğunda kullanışlı.;Les fortifications sont un excellent moyen de repousser les envahisseurs. Utile quand votre armée est au plus bas.;Las fortificaciones son una manera estupenda de expulsar al enemigo. Muy útiles cuando vuestras tropas están en baja forma.;城壁を築けば、敵の侵入を阻むことが+できる。軍が弱体化したときに、+そのありがたみがわかるだろう。;성벽을 쌓으면 적의 침입을 막을 수 있습니다. 군대가 약화되었을 때 그 고마움을 알게 될 것입니다.;高墙要塞最适合抵御侵略者，+军队孱弱时会派上用途。;高牆要塞最適合抵禦侵略者，+軍隊孱弱時會派上用途。;Die Befestigungen eignen sich hervorragend, um Invasoren abzuwehren. Nützlich, wenn Eure Armee schwach ist.;Укрепления здорово противостоят вторжениям. Это полезно, если ваша армия слаба.;Le fortificazioni sono un modo eccellente per respingere gli invasori. Utili se l’esercito è debole.;As fortificações são excelentes para repelir invasores. Útil se o seu exército for fraco.
strawberry_keep;The One;Eşsiz;L'Unique;El Único;最後の1株;마지막 1주;唯一;唯一;Die Einzige;Один-единственный;L'Unica;O escolhido;It's probably the last strawberry plant on earth. You keep it under heavy protection. ;Muhtemelen dünyadaki son çilek bitkisi. Ağır koruma altında tutuyorsunuz.;C'est probablement le dernier fraisier sur terre. Vous le maintenez sous haute protection.;Ésta es probablemenete la última mata de fresas sobre la faz de la tierra. Mantenedla a buen recaudo.;地球上に現存する、+最後のイチゴの株だ。+王はそれを厳重に守った。;지구상에 현존하는 마지막 딸기로, 왕은 딸기를 엄격하게 지킵니다.;这或许是世间最后一株草莓，+你格外小心地守着它。;這或許是世間最後一株草莓，+你格外小心地守著它。;Wahrscheinlich ist es die letzte Erdbeerpflanze der Welt. Ihr lasst sie streng bewachen.;Вероятно, это последний кустик клубники на планете. Охраняйте его днем и ночью.;Si tratta forse dell’ultima pianta di fragole sulla Terra. Date ordine di proteggerla a tutti i costi.;Provavelmente o último morango do planeta. Proteja-o, custe o que custar.
centralbank_keep;Money Money;Para Para Para;Money Money;Money Money;金融界の後ろ盾;금융계의 후원;钱，好多钱;錢，好多錢;Money Money;Деньги, деньги;Soldi soldi;Tudo por dinheiro;The central bank protects you from bankruptcy. You just have to create more money when you need it. Genius!;Merkez bankası sizi iflastan koruyor. Tek yapmanız gereken ihtiyaç olduğunda daha fazla para basmak. Dahice!;La banque centrale vous protège de la banqueroute. Vous n'avez qu'à créer plus d'argent quand vous en avez besoin. Pur génie !;La banca central os protege de la bancarrota. Solo tenéis que generar más dinero cuando lo necesitéis. ¡Genial!;財政難に陥ったとき、+中央銀行が保護してくれるだろう。+資金が足りなくなったら、+いくらでも貨幣をつくればいい！;재정난에 빠졌을 때 중앙은행이 보호해 줍니다.자금이 부족하면 얼마든지 화폐를 만들면 됩니다!;中央银行能让你免受破产之灾，+只要在需要钱时多铸造些就行了，+真是天才！;中央銀行能讓你免受破產之災，+只要在需要錢時多鑄造些就行了，+真是天才！;Die Zentralbank bewahrt Euch vor dem Bankrott. Ihr könnt einfach mehr Geld herstellen, wenn Ihr es braucht. Genial!;Центральный банк защищает вас от банкротства. Когда вам понадобятся деньги, просто сделайте их. Гениально!;La banca centrale vi protegge dalla bancarotta. Vi basta creare altro denaro quando serve. Genio!;O banco central protege você contra a falência. Você só precisa gerar mais dinheiro quando precisar. Genial!
cathedral_keep;Gracias Deo;Şükürler Olsun;Gracias Deo;Gracias Deo;神のご加護;신의 가호;赞颂上帝;讚頌上帝;Gracias Deo;Слава Господу;Gracias Deo;Gracias Deo;The cathedral is a monument for the generations. It prevents the Church from being too weak and the people too powerful.;Katedral gelecek nesillere armağan kalacak bir eser. Kilisenin fazla güçsüz ve halkın fazla güçlü olmasına engel.;La cathédrale est un monument pour les générations. Elle empêche l'Église de tomber trop bas et votre peuple d'être trop indépendant.;La catedral es un monumento para las generaciones futuras. Evita que la Iglesia caiga demasiado bajo y que vuestro pueblo sea independiente.;大聖堂は、時代をこえて愛される+建造物だ。教会の弱体化を防ぎ、+民が力をつけすぎないよう+牽制する効果がある。;대성당은 시대를 넘어 사랑받는 건물입니다. 교회의 약세를 방지하며 백성의 힘이 너무 강해지지 않도록 견제하는 효과가 있습니다.;大教堂是世代相传的名胜，+它可以避免教会势力变得过于弱小，+或是人民变得过于强大。;大教堂是世代相傳的名勝，+它可以避免教會勢力變得過於弱小，+或是人民變得過於強大。;Die Kathedrale ist ein Monument für Generationen. Sie verhindert, dass die Kirche zu schwach und das Volk zu mächtig wird.;Собор строится на века. Благодаря ему, церковь не ослабнет, а народ не восстанет против религии.;La Cattedrale è un’opera per le generazioni future. Impedisce alla Chiesa di diventare troppo debole e al popolo di diventare troppo forte.;A catedral é um monumento eterno. Com ela, a Igreja nunca será fraca, e o povo nunca será forte.
hospital_keep;Mount Care;Sağlık Merkezi;Mont Soin;Monte Cuidado;最先端の医術;최첨단 의술;爱心医院;愛心醫院;Pflegezentrum;Дом призрения;Monte Cure;Plano de saúde;The hospital will limit the consequence of epidemics and catastrophes.;Hastane salgın ve afetlerin sonuçlarını azaltacak.;L'hôpital va limiter les conséquences des épidémies et des catastrophes.;El hospital va a limitar las consecuencias de las epidemias y de las catástrofes.;診療所があれば、+伝染病や大災害の被害を+抑えることができるだろう。;진료소가 있으면 역병이나 재난의 피해를 줄일 수 있을 것입니다.;医院将会缓解+瘟疫与灾难带来的后果。;醫院將會緩解+瘟疫與災難帶來的後果。;Das Hospital begrenzt die Folgen von Epidemien und Katastrophen.;Больница уменьшит последствия эпидемий и катастроф.;L’ospedale limiterà le conseguenze di epidemie e catastrofi.;O hospital limitará as consequências de epidemias e catástrofes.
barn_keep;Providence;Tedbir;Providence;Providencia;備蓄食糧;비축식량;远见;遠見;Vorsorge;Дальновидность;Provvidenza;Providência;The barn was expensive but it's good protection to avoid famine and the people's unrest.;Ambar pahalı olmasına pahalıydı ama kıtlık ve halk huzursuzluğuna karşı iyi bir önlem.;La grange commune est chère mais c'est une bonne protection contre la famine et les troubles qu'elle engendre.;La granja comunal es costosa pero es una buena protección contra el hambre y los problemas que ésta acarrea.;納屋の建設費用は、決して安くはない。+とはいえ、飢饉への備えがあれば、+民の反乱を防げるだろう。;창고 건설비용은 절대 저렴하지 않습니다. 하지만 기근에 대비하면 백성의 반란을 막을 수 있습니다.;粮仓造价不菲，+但它却能让我们很好地应对+饥荒和民乱。;糧倉造價不菲，+但它卻能讓我們很好地應對+饑荒和民亂。;Die Scheune war teuer, aber sie schützt gut gegen Hungersnöte und damit verbundene Aufstände.;Амбар обошелся недешево, но это — хороший способ избежать голода и народных волнений.;Il granaio è stato costoso, ma è una buona protezione contro carestia e malcontento.;O celeiro foi caro, mas previne a fome e o nervosismo do povo.
excalibur_keep;Excalibur;Ekskalibur;Excalibur;Excalibur;エクスカリバー;엑스칼리버;圣剑;聖劍;Excalibur;Экскалибур;Excalibur;Excalibur;The sword of Kings is yours. In duels you will be more steady and you will be able to trigger special moves without defending first.;Kralların kılıcı sizindir. Düellolarda daha sağlam olacaksınız ve önce savunmadan özel hamlede bulunabileceksiniz.;L'Épée des Roi est à vous. Au cours des duels vous serez beaucoup plus stable et vous pourrez déclencher les attaques spéciales sans vous défendre d'abord.;La Espada de los Reyes es vuestra. En el transcurso de vuestros duelos seréis mucho más estable y podréis realizar ataques especiales sin recurrir a la defensa.;王者の剣を手に入れた。+決闘の腕が上がり、+防御したあとでなくても+必殺技を繰り出せるようになるだろう。;전설의 검을 손에 넣었습니다. 결투 실력이 올라 방어하지 않아도 필살기를 계속 쓸 수 있습니다.;万王之剑已在你手，在决斗中你会更加稳健，+而且不用先防御+就能触发特殊招数。;萬王之劍已在你手，在決鬥中你會更加穩健，+而且不用先防禦+就能觸發特殊招數。;Das Schwert des Königs ist Euer. Ihr seid in Duellen standhafter und könnt Spezialtechniken auslösen, ohne Euch vorher zu verteidigen.;Меч Королей теперь ваш. На дуэли вы будете крепче стоять на ногах и сможете проводить особые приемы без необходимости сначала защититься.;La spada del Re è Vostra. Nei duelli sarete più stabile e potrete innescare mosse speciali senza prima difendervi.;A espada dos reis é sua. Em duelos, você será mais firme e poderá usar golpes especiais sem antes se defender.
dice_keep;Loaded Dice;Hileli Zarlar;Dés Pipés;Dados Cargados;いかさまダイス;가짜 주사위;灌铅骰子;灌鉛骰子;Gezinkte Würfel;Шулерские кости;Dadi truccati;Dados viciados;You will never lose again at the Red Dwarf.;Kızıl Cücede bir daha asla kaybetmeyeceksiniz.;Vous ne perdrez plus jamais au Nain Rouge.;Jamás perderéis jugando al Enano Rojo.;サイコロ賭博で絶対に+負けなくなるだろう。;주사위 도박에서 절대 지지 않습니다.;在“红矮人”游戏里+你将无往不利。;在“紅矮人”遊戲裏+你將無往不利。;Ihr verliert keine Partie Roter Zwerg mehr.;Вы больше никогда не проиграете в Красного карлика.;Non perderete mai più al Nano rosso.;Você nunca mais perderá ao jogar Anã Vermelha.
isStone;Blue Mushroom;Mavi Mantar;Champignon Bleu;Champiñón Azul;青茸;푸른 버섯;蓝蘑菇;藍蘑菇;Blauer Pilz;Синий гриб;Fungo blu;Cogumelo azul;You feel suddently very happy. Then strange things start to happen...;Aniden çok mutlu hissediyorsunuz. Sonra tuhaf şeyler olmaya başlıyor...;Vous vous sentez très heureux tout d'un coup. Mais ça ne dure pas...;¡De repente os sentís eufórico! Aunque no dura demasiado...;突然、気分が高揚してきた。+この先、数々の不思議な+体験をするだろう…;갑자기 기분이 좋아집니다. 이후로 이상한 체험을 수없이 할 것입니다.;突然之间你陷入狂喜，+光怪陆离的事情+开始接连发生……;突然之間你陷入狂喜，+光怪陸離的事情+開始接連發生……;Ihr fühlt Euch plötzlich sehr glücklich. Und dann passieren seltsame Dinge ...;Вы вдруг становитесь очень счастливым. А потом начинают происходить странные вещи…;Improvvisamente siete molto felice. Poi iniziano ad accadere cose strane…;Você se sente muito feliz... e coisas estranhas começam a acontecer.
devil_visit;Diabolus;Şeytani;Diabolus;Diabolus;悪魔との邂逅;악마와의 해후;恶魔;惡魔;Diabolus;Дьявол;Diabolus;Diabólico;Time is gone, space is insane. Here it comes, here again. You feel your mouth closing down as if you never had one.;Zaman kayıp, uzay çıldırmış. İşte yine geliyor, işte yine. Sanki hiç olmamışçasına ağzınız kapanıyor.;Le temps est mort, l'espace insensé. Le voilà, à nouveau. Vous sentez votre bouche se fermer comme si vous n'en aviez jamais eu.;El tiempo está muerto, el espacio demente. Ahí está, de nuevo. Sentís vuestra boca cerrarse como si nunca hubiéseis tenido una.;時はひずみ、宙はうねり、+再びやつが現れる。+お前の口は、ひらかない。+それとも、もとより口なしか。;시간은 사라지고 공간은 일그러지며 악마는 다시 나타날 것입니다. 입도 열리지 않을 것입니다. 마치 처음부터 입이 없었던 것처럼.;时光已逝，空间错乱，+来了，它又来了，+你感觉自己的嘴巴+闭合了起来，+就像你的脸上+从来就没有长过嘴巴一样。;時光已逝，空間錯亂，+來了，它又來了，+你感覺自己的嘴巴+閉合了起來，+就像你的臉上+從來就沒有長過嘴巴一樣。;Die Zeit ist verschwunden, der Raum aus den Fugen. Und da ist er wieder. Euer Mund schließt sich, als hättet Ihr nie einen gehabt.;Время вышло, пространство безумно. Вот оно, снова оно. Ваш рот зарастает, будто его никогда и не было.;Il tempo è finito, lo spazio non ha senso. Eccolo che arriva, di nuovo. Sentite la bocca che si serra come se non ne aveste mai avuta una.;O tempo se foi, e o espaço é insano. Aí vem, aqui de novo. Você sente sua boca fechar como se nunca tivesse tido uma.
devil_curse_keep;Death Wish;Ölüm Arzusu;Vœu de Mort;Deseo de Muerte;死の宣告;죽음의 선고;死咒;死咒;Todeswunsch;Пожелание Смерти;Ultimo desiderio;Desejo de morte;The next character you say 'Yes' to will die.;Sıradaki 'Evet' diyeceğiniz karakter ölecek.;Le prochain personnage à qui vous direz "Oui" mourra.;El próximo personaje al que le digáis "sí" va a morir.;次に王が「はい」と答えた相手は+死ぬだろう。;다음에 왕이 "예"라고 대답한 자는 죽습니다.;下一个看到你点头的角色会死。;下一個看到你點頭的角色會死。;Der nächste Charakter, zu dem Ihr "Ja" sagt, wird sterben.;Следующий, кому вы скажете «Да», умрет.;Il prossimo personaggio a cui direte “sì” morirà.;O próximo personagem para quem você disser “sim” morrerá.
theocracy;Theocracy;Teokrasi;Théocratie;Teocracia;神政;신정;神权;神權;Theokratie;Теократия;Teocrazia;Teocracia;You won't be able to say 'no' to the church anymore. That said, they're taking care of the money.;Artık kiliseye 'hayır' diyemeyeceksiniz. Öte yandan, para işini onlar hallediyor.;Vous ne pourrez plus dire "Non" aux membres de l'Église. Ceci dit, ils se chargent des questions d'argent.;No podéis decir "no" a los miembros de la Iglesia. Dicho ésto, ellos son los que se encargan de los asuntos de dinero.;王は教会の意見に+一切異を唱えられない。+国庫の管理も+教会に一任される。;왕은 교회의 의견에 일체 이의를 제기할 수 없습니다. 국고 관리도 교회에 일임됩니다.;你不能再摇头拒绝教会了，+不过呢，+他们倒是把钱的问题+都给包办了。;你不能再搖頭拒絕教會了，+不過呢，+他們倒是把錢的問題+都給包辦了。;Ihr könnt zur Kirche nicht mehr "Nein" sagen. Was bedeutet, dass sie sich um die Finanzen kümmert.;Вы больше не сможете отказать церкви. А если попытаетесь, они не дадут вам распоряжаться деньгами.;Non sarete più in grado di dire di “no” alla Chiesa. Detto questo, sono loro a occuparsi del denaro.;Você não conseguirá mais dizer “não” para a Igreja. Sendo assim, eles cuidam do dinheiro.
spice_trade_keep;Silk Road;İpek Yolu;Route de la Soie;Ruta de la Seda;絹の道;실크로드;丝路;絲路;Seidenstraße;Шелковый Путь;Via della seta;Rota da seda;The spice trade adds to the treasure every year. You have more chance of angering your neighbours though. ;Baharat ticareti her sene hazineye katkıda bulunuyor. Öte yandan, düşmanlarınızı kızdırma ihtimaliniz daha yüksek.;Le commerce des épices contribue au trésor chaque année. Mais vous avez plus de chances d'entrer en guerre avec vos voisins.;El comercio de especias aumenta vuestro tesoro año tras año tras año... Pero ahora tenéis más probabilidades de entrar en guerra con los vecinos.;香辛料の貿易により、+毎年収入を得られる。+ただし、周辺国の反感も+買いやすくなるだろう。;향신료 무역으로 매년 이익을 얻을 수 있습니다. 그러나 주변국의 반감도 사기 쉬워질 것입니다.;香料贸易+让国库每年都有大量收入，+但你会更容易惹怒邻国。;香料貿易+讓國庫每年都有大量收入，+但你会更容易惹怒鄰國。;Der Gewürzhandel bringt jedes Jahr Einkünfte. Allerdings steigt auch das Risiko, Eure Nachbarn zu verärgern.;Торговля специями помогает вашей казне расти из года в год. Правда, вашим соседям это может не понравиться.;Il commercio di spezie contribuisce ogni anno al tesoro. Avete però più possibilità di far arrabbiare i vicini.;O comércio de especiarias é muito lucrativo. Mas você tem mais chance de irritar seus vizinhos.
colonies_keep;Colonies;Koloniler;Colonies;Colonias;植民地;식민지;殖民地;殖民地;Kolonien;Колонии;Colonie;Colônias;The new world is adding to the treasury and the army every year but will you be able to manage such an empire?;Yeni dünya her yıl hazine ve orduya katkıda bulunuyor ama bu büyüklükte bir imparatorluğa hükmedebilecek misiniz?;Le nouveau monde contribue au trésor et à l'armée chaque année mais serez-vous capable de gérer un tel empire ?;El Nuevo Mundo aumenta vuestro tesoro y vuestras tropas cada año pero, ¿seréis capaz de controlar un tal imperio?;新大陸、発見！毎年、着実に+国庫は潤い、兵も増員されるだろう。+急激に強大化する国をうまく統治できるか…+王の手腕が試される。;신대륙을 발견했습니다! 국고는 매년 꾸준히 늘어나고 병사도 증원됩니다. 급격히 강해지는 나라를 잘 통치할 수 있을까요…?;殖民新世界让你+每年都能有额外收入和军队，+但你能否好好管理+如此庞大的帝国呢？;殖民新世界讓你+每年都能有額外收入和軍隊，+但你能否好好管理+如此龐大的帝國呢？;Die Neue Welt trägt jedes Jahr zu Euren Finanzen und Eurer Armee bei, aber seid Ihr in der Lage, ein Weltreich zu führen?;Новый мир пополнит казну и армию, но под силу ли вам управлять такой империей?;Il nuovo mondo contribuisce al tesoro e all’esercito ogni anno, ma sarete in grado di gestire un simile impero?;O novo mundo aumenta o tesouro e o exército a cada ano, mas você será capaz de gerenciar tal império?