id;en;tu;fr;es;jp;ko;sc;tc;de;ru;it;bp;empty
num;st;;er;(ero*era);.;번째;第;第;.;-ый;°;(º*ª);
;nd;;e;(º*ª);.;번째;代王后;代王后;.;-ой;°;(º*ª);
;rd;;e;(ero*era);.;번째;;;.;-ий;°;(º*ª);
;th;;e;(º*ª);.;번째;;;.;-ый;°;(º*ª);
building;BUILDING THE WALL;;CONSTRUCTION DU MUR;CONSTRUYENDO EL MURO;壁を建設中;벽을 쌓는 중;正在搭建城墙;正在搭建城牆;DIE MAUER ERRICHTEN;СТРОИМ СТЕНУ;COSTRUZIONE DELLA BARRIERA;CONSTRUINDO A MURALHA;
updating;WRITING THE CARDS;;ÉCRITURE DES CARTES;ESCRIBIENDO LAS CARTAS;カードを執筆中;카드를 써나가는 중;正在书写牌面;正在書寫牌面;KARTEN BESCHREIBEN;ПРИДУМЫВАЕМ КАРТЫ;SCRITTURA DELLE CARTE;ESCREVENDO AS CARTAS;
antagonizing;WAKING UP THE DRAGON;;LE DRAGON SE RÉVEILLE;DESPERTANDO AL DRAGÓN;ドラゴンを覚醒中;드래곤을 깨우는 중;正在唤醒巨龙;正在喚醒巨龍;DEN DRACHEN WECKEN;БУДИМ ДРАКОНА;RISVEGLIO DEL DRAGO;DESPERTANDO O DRAGÃO;
slowly1;Take a breath!;;Prenez votre temps !;¡Toma aire!;落ち着け！;심호흡 하세요!;深呼吸！;深呼吸！;Immer mit der Ruhe!;Вдохните поглубже!;Respira!;Vá com calma!;
slowly2;Swipe sloooowly to see your answers and their consequences for Westeros.;;Balayez leeeeentement pour voir les réponses et leurs conséquences pour Westeros.;Desliza despaaaacio para ver las consecuencias para el Reino.;ゆっくりスワイプして答えを確認し、+ウェスタロスの行く末を定めよ。;당신이 내린 결정과 대답이 웨스테로스에 어떤 결과를 끼치는지 확인하려면 천천히 넘겨보세요.;慢慢地划动卡牌+来查看你的回答+会对维斯特洛造成的影响;慢慢地劃動卡牌+來查看你的回答+會對維斯特洛造成的影響;Wischt laaaangsam, um Eure Antworten und deren Folgen für Westeros zu sehen.;Мееееедленно проведите, чтобы увидеть влияние выбора на судьбу Вестероса.;Scorri leeentamente per vedere risposte e conseguenze per Westeros.;Deslize bem devagar para ver respostas e consequências em Westeros.;
action_reset;NEW GAME;;NOUVELLE PARTIE;NUEVO JUEGO;NEW GAME;새 게임;新游戏;新遊戲;NEUES SPIEL;НОВАЯ ИГРА;NUOVA PARTITA;NOVO JOGO;
action_next;NEXT;;SUIVANT;SIGUIENTE;NEXT;다음;继续;繼續;FORTFAHREN;ДАЛЬШЕ;AVANTI;AVANÇAR;
action_controller;PRESS;;APPUYER;PULSA;プッシュ;누르세요;长按;長按;DRÜCKEN;НАЖМИТЕ;PREMI;APERTE;
action_leap;CLAP!;;CLAP;¡APLAUDE!;手を叩け！;짝!;拍手！;拍手！;KLATSCHEN!;ХЛОП!;APPLAUDI!;APLAUDIR!;
action_mouse;NEXT;;SUIVANT;SIGUIENTE;NEXT;다음;继续;繼續;FORTFAHREN;ДАЛЬШЕ;AVANTI;AVANÇAR;
action_select;SELECT;;CHOISIR;SELECCIONAR;SELECT;선택;选择;選擇;WÄHLEN;ВЫБРАТЬ;SELEZIONA;SELECIONAR;
action_menu;MENU;;MENU;MENÚ;MENU;메뉴;菜单;菜單;MENÜ;МЕНЮ;MENU;MENU;
haptic;Vibrations;;Vibration;Vibraciones;振動;진동;震动;震動;Vibrationen;Вибрация;Vibrazioni;Vibrações;
time_in_power;moon in power|moons in power;;lune au pouvoir|lunes au pouvoir;luna en el poder|lunas en el poder;在位|月;통치한 달|통치한 달;在位月份|在位月份;在位月份|在位月份;Mond an der Macht|Monde an der Macht;лун(ы) на троне;luna al potere|lune al potere;lua no poder|luas no poder;
time;moon|moons;;lune|lunes;luna|lunas;月|月;달|달;月|月;月|月;Mond|Monde;лун(ы);luna|lune;lua|luas;
yes;Yes;;Oui;Sí;はい;예;(点头);(點頭);Ja;Хорошо;Sì;Sim;
no;No;;Non;No;いいえ;아니오;(摇头);(搖頭);Nein;Нет;No;Não;
ends;ends found;;fins découvertes;finales encontrados;発見した結末;발견한 엔딩;不同的死法;不同的死法;Enden entdeckt;концовок найдено;finali trovati;finais encontrados;
newcards;NEW CARDS;;NOUVELLES CARTES;NUEVAS CARTAS;新カード発見;새 카드;新卡牌！;新卡牌！;NEUE KARTEN;НОВЫЕ КАРТЫ;NUOVE CARTE;NOVAS CARTAS;
options;OPTIONS;;OPTIONS;OPCIONES;OPTIONS;옵션;选项;選項;OPTIONEN;НАСТРОЙКИ;OPZIONI;OPÇÕES;
action_back;BACK;;RETOUR;VOLVER;BACK;뒤로;返回;返回;ZURÜCK;НАЗАД;INDIETRO;VOLTAR;
sfx_volume;SFX Volume;;Volume sons;Volumen;SE音量;SFX 볼륨;音效音量;音效音量;Lautstärke Effekte;Громкость звука;Volume effetti;Volume de sons;
togglevo;Voice-over;;Voix personnages;Voz en off;キャラクターボイス;캐릭터 음성;角色语音;角色語音;Dialog-Effekte;Голоса персонажей;Voce personaggi;Personagens dublados;
music_volume;Music Volume;;Volume musique;Volumen de la música;BGM音量;음악 볼륨;音乐音量;音樂音量;Lautstärke Musik;Громкость музыки;Volume musica;Volume da música;
language;Language;;Langue;Idioma;言語;언어;语言;語言;Sprache;Язык;Lingua;Idioma;
resolution;Screen resolution;;Résolution;Resolución de la pantalla;画面解像度;화면 해상도;屏幕分辨率;螢幕解析度;Bildschirmauflösung;Разрешение экрана;Risoluzione schermo;Resolução da tela;
togglewin;Full screen;;Plein écran;Pantalla completa;フルスクリーン;전체화면;全屏;全屏;Vollbild;Полноэкранный;Schermo intero;Tela cheia;
apply;APPLY;;APPLIQUER;APLICAR;適用;적용;应用;應用;ANWENDEN;ПРИМЕНИТЬ;APPLICA;APLICAR;
link1;TRAILER & CREDITS;;BANDE-ANNONCE & CRÉDITS;TRÁILER Y CRÉDITOS;トレイラー&クレジット;트레일러 & 크래딧;预告片+制作名单;預告片+製作名單;TRAILER & MITWIRKENDE;ТРЕЙЛЕР И АВТОРЫ;TRAILER E RICONOSCIMENTI;TRAILER E CRÉDITOS;
start;START;;JOUER;COMENZAR;START;시작;开始;開始;START;НАЧАТЬ;INIZIA;INICIAR;
swipe;SWIPE;;BALAYEZ;DESLIZAR;スワイプ;넘기기;滑动;滑動;WISCHEN;ПРОВЕДИТЕ;FAI SCORRERE;DESLIZAR;
gameover;THE END;;FIN;FIN;THE END;끝;剧终;劇終;ENDE;КОНЕЦ;FINE;FIM;
camera_usage;Reigns: Game of Thrones would like to use your camera so that the characters who trust you can look you in the eyes.;;Reigns: Game of Thrones souhaite utiliser votre caméra pour que les personnages qui vous font confiance puissent vous regarder dans les yeux.;A Reigns: Juego de Tronos le gustaría que usases tu cámara para que los personajes que se fían de ti puedan mirarte a los ojos.;Reigns: Game of Throneはカメラを利用することで、+あなたを信用しているキャラクターが目を合わせるようになります。;Reigns: 왕좌의 게임은 신뢰할 수 있는 인물이 눈을 마주할 수 있도록 카메라를 사용하고자 합니다.;王权：权力的游戏想使用摄像头，+以便信任你的角色+可以直视你的双眼;王權：權力的+遊戲想使用鏡頭，以便信任你的角色+可以直視你的雙眼;Reigns: Game of Thrones möchte die Kamera nutzen, damit Charaktere, die Euch vertrauen, Euch in die Augen sehen können.;Reigns: Game of Thrones запрашивает разрешение на использование камеры, чтобы ваши верные подданные могли смотреть вам в глаза.;Reigns: Game of Thrones vorrebbe usare la tua videocamera, così i personaggi che si fidano di te possono guardarti negli occhi.;Reigns: Game of Thrones gostaria de usar sua câmera para que os personagens que confiam em você possam olhar nos seus olhos.;
resetall_label;Unfortunately a reset is required to enjoy this upgrade.;;La sauvegarde semble corrompue. Voulez-vous la réinitialiser ?;Los datos del juego parecen estar dañados. ¿Reiniciar todo?;ゲームデータが破損しているようです。+全データをリセットしますか？;게임 데이터가 손상된 듯합니다. 초기화하시겠습니까?;疑似游戏数据损毁+是否全部重置？;疑似遊戲數據損毀+是否全部重置？;Spieldaten scheinen beschädigt zu sein. Alles zurücksetzen?;Данные повреждены. Начать все заново?;I dati di gioco sembrano essere danneggiati. Vuoi resettarli?;Os dados de jogo parecem estar corrompidos. Apagar tudo?;
reset_label;Do you want to reset the game?;;Voulez-vous réinitialiser la partie ?;¿Quieres reiniciar el juego?;ゲームをリセットしますか？;게임을 초기화하시겠습니까?;您确定要重置游戏吗？;您確定要重置遊戲嗎？;Spiel zurücksetzen?;Вы точно хотите начать заново?;Vuoi resettare il gioco?;Deseja reiniciar o jogo?;
likeit0;Like this game?;;Vous avez aimé ce jeu ?;¿Te gusta este juego?;ゲームをお気に召しましたか？;게임이 마음에 드시나요?;您喜欢这款游戏吗？;您喜歡這款遊戲嗎？;Euch gefällt dieses Spiel?;Вам нравится игра?;Ti piace questo gioco?;Curtiu o jogo?;
likeit1;Buy the full version!;;Achetez la version complète !;¡Comprar la versión completa!;完全版を買ってください！;풀버전을 구매해보세요!;购买完整版吧！;購買完整版吧！;Kauft die Vollversion!;Купите полную версию!;Acquista la versione completa!;Compre a versão completa!;
reset;RESET;;RÉINITIALISER;REINICIAR;RESET;초기화;重置;重置;ZURÜCKSETZEN;ЗАНОВО;RESETTA;REINICIAR;
quit_label;Do you want to quit the game?;;Quitter le jeu ?;¿Quieres salir del juego?;ゲームを終了しますか？;게임을 종료하시겠습니까?;您确定退出吗？;您確定退出嗎？;Spiel beenden?;Вы точно хотите выйти из игры?;Vuoi uscire dal gioco?;Deseja sair do jogo?;
quit;QUIT;;QUITTER;ABANDONAR;ゲームを終了;종료;退出;退出;BEENDEN;ВЫЙТИ;ESCI;SAIR;
cancel;CANCEL;;ANNULER;CANCELAR;キャンセル;취소;取消;取消;ABBRECHEN;ОТМЕНА;ANNULLA;CANCELAR;
credits0;Game dev;;Développeur;Programador;開発;게임 개발;开发者;開發者;Entwicklung;Разработка;Sviluppo;Desenv. do jogo;
names0;François Alliot;;François Alliot;François Alliot;Francois Alliot;Francois Alliot;François Alliot;François Alliot;François Alliot;Francois Alliot;François Alliot;François Alliot;
credits1;Art;;Graphismes;Arte;アート;아트;美术;美術;Grafik;Художественное исполнение;Grafica;Arte;
names1;Arnaud De Bock+Irène Navarro;;Arnaud De Bock+Irène Navarro;Arnaud De Bock + Irène Navarro;Arnaud De Bock+Irène Navarro;Arnaud De Bock+Irene Navarro;Arnaud De Bock+Irène Navarro;Arnaud De Bock+Irène Navarro;Arnaud De Bock+Irène Navarro;Arnaud De Bock+Irene Navarro;Arnaud De Bock+Irène Navarro;Arnaud De Bock+Irène Navarro;
credits2;Writing;;Scénario;Escritura;ライティング;작가;剧本;劇本;Texte;Сценарий;Testi;Roteiro;
names2;Tamara Alliot+Leigh Alexander+François Alliot;;Tamara Alliot+Leigh Alexander+François Alliot;Tamara Alliot + Leigh Alexander + François Alliot;Tamara Alliot+Leigh Alexander+François Alliot;Tamara Alliot+Leigh Alexander+François Alliot;Tamara Alliot+Leigh Alexander+François Alliot;Tamara Alliot+Leigh Alexander+François Alliot;Tamara Alliot+Leigh Alexander+François Alliot;Tamara Alliot+Leigh Alexander+François Alliot;Tamara Alliot+Leigh Alexander+François Alliot;Tamara Alliot+Leigh Alexander+François Alliot;
credits3;Audio direction;;Direction audio;Dirección de audio;オーディオディレクション;오디오 감독;音效指导;音效指導;Audio-Regie;Аудиорежиссура;Direzione audio;Direção de áudio;
names3;Eric Van Amerongen;;Eric Van Amerongen;Eric Van Amerongen;Eric Van Amerongen;Eric Van Amerongen;Eric Van Amerongen;Eric Van Amerongen;Eric Van Amerongen;Eric Van Amerongen;Eric Van Amerongen;Eric Van Amerongen;
credits5;Trailer;;Bande-annonce;Tráiler;トレイラー;트레일러;预告片+制作名单;預告片+製作名單;Trailer;Трейлер;Trailer;Trailer;
names5;Powerhouse animation studios+Kert Gartner;;Powerhouse animation studios+Kert Gartner;Powerhouse animation studios+Kert Gartner;Powerhouse animation studios+Kert Gartner;Powerhouse animation studios+Kert Gartner;Powerhouse animation studios+Kert Gartner;Powerhouse animation studios+Kert Gartner;Powerhouse animation studios+Kert Gartner;Студия Powerhouse+Kert Gartner;Powerhouse Animation Studios+Kert Gartner;Powerhouse animation studios+Kert Gartner;
credits6;Additional music;;Musique supplémentaire;Música adicional;追加の音楽;오디오 보조;额外音乐;額外音樂;Zusätzliche Musik;Дополнительная музыка;Musica aggiuntiva;Música adicional;
names6;Ryan Ike;;Ryan Ike;Ryan Ike;Ryan Ike;Ryan Ike;Ryan Ike;Ryan Ike;Ryan Ike;Ryan Ike;Ryan Ike;Ryan Ike;
credits7;Translation;;Traduction;Traducción;翻訳;번역;本地化;本地化;Übersetzung;Перевод;Traduzione;Tradução;
names7;Loc & Load;;Loc & Load;Raquel Moreno;Toyofumi Morita;Bada Im+HyungSeok Cho;Loc & Load;Loc & Load;Loc & Load;Loc & Load;Loc & Load;Loc & Load;
credits8;Devolver Digital;;Devolver Digital;Devolver Digital;Devolver Digital;Devolver Digital;Devolver Digital;Devolver Digital;Devolver Digital;Devolver Digital;Devolver Digital;Devolver Digital;
names8;Nigel and Kristen Lowrie+Harry Miller+Kate Ludlow+Stephanie Tinsley+Anna Sajecka+Jonathan Rosales+The rest of the team;;Nigel et Kristen Lowrie+Harry Miller+Kate Ludlow+Stephanie Tinsley+Anna Sajecka+Jonathan Rosales+Toute l'équipe;Nigel y Kristen Lowrie+Harry Miller+Kate Ludlow+Stephanie Tinsley+Anna Sajecka+Jonathan Rosales+el resto del equipo;Nigel and Kristen Lowrie+Harry Miller+Kate Ludlow+Stephanie Tinsley+Anna Sajecka+Jonathan Rosales+チームの他の方々;Nigel and Kristen Lowrie+Harry Miller+Kate Ludlow+Stephanie Tinsley+Anna Sajecka+Jonathan Rosales+그리고 나머지 팀원들;Nigel and Kristen Lowrie+Harry Miller+Kate Ludlow+Stephanie Tinsley+Anna Sajecka+Jonathan Rosales+The rest of the team;Nigel and Kristen Lowrie+Harry Miller+Kate Ludlow+Stephanie Tinsley+Anna Sajecka+Jonathan Rosales+The rest of the team;Nigel und Kristen Lowrie+Harry Miller+Kate Ludlow+Stephanie Tinsley+Anna Sajecka+Jonathan Rosales+der Rest des Teams;Nigel and Kristen Lowrie+Harry Miller+Kate Ludlow+Stephanie Tinsley+Anna Sajecka+Jonathan Rosales+все остальные;Nigel e Kristen Lowrie+Harry Miller+Kate Ludlow+Stephanie Tinsley+Anna Sajecka+Jonathan Rosales+Il resto della squadra;Nigel e Kristen Lowrie+Harry Miller+Kate Ludlow+Stephanie Tinsley+Anna Sajecka+Jonathan Rosales+todo resto da equipe;
credits9;HBO;;HBO;HBO;HBO;HBO;HBO;HBO;HBO;HBO;HBO;HBO;
names9;Stacey Abiraj+Michele Caruso+John Ericson+Janis Fein+Jeff Peters+Will Price;;Stacey Abiraj+Michele Caruso+John Ericson+Janis Fein+Jeff Peters+Will Price;Stacey Abiraj+Michele Caruso+John Ericson+Janis Fein+Jeff Peters+Will Price;Stacey Abiraj+Michele Caruso+John Ericson+Janis Fein+Jeff Peters+Will Price;Stacey Abiraj+Michele Caruso+John Ericson+Janis Fein+Jeff Peters+Will Price;Stacey Abiraj+Michele Caruso+John Ericson+Janis Fein+Jeff Peters+Will Price;Stacey Abiraj+Michele Caruso+John Ericson+Janis Fein+Jeff Peters+Will Price;Stacey Abiraj+Michele Caruso+John Ericson+Janis Fein+Jeff Peters+Will Price;Stacey Abiraj+Michele Caruso+John Ericson+Janis Fein+Jeff Peters+Will Price;Stacey Abiraj+Michele Caruso+John Ericson+Janis Fein+Jeff Peters+Will Price;Stacey Abiraj+Michele Caruso+John Ericson+Janis Fein+Jeff Peters+Will Price;
credits10;Thanks to...;;Un grand merci à;Gracias a...;スペシャルサンクス;스페셜 땡스;鸣谢;感謝;Danke an ...;Отдельные благодарности...;Grazie a...;Agradecimentos...;
names10;Elio & Linda+And all our testers, friends and family.;;Elio & Linda+Tous les testeurs, tous nos amis et nos proches.;Elio & Linda+nuestros testers, amigos y familiares.;Elio & Linda+テスター、友人、家族の皆様方;Elio & Linda+그리고 모든 테스터와 친구, 가족들;Elio & Linda+And all our testers, friends and family.;Elio & Linda+And all our testers, friends and family.;Elio & Linda+und all unsere Tester, Freunde und Familienmitglieder.;Elio & Linda+всем тестировщикам, друзьям и родственникам.;Elio e Linda+Tutti i tester, gli amici e i nostri familiari.;Elio & Linda+e todos os nossos testadores, amigos e familiares.;
kingdom_update;KINGDOM UPDATE;;MISE À JOUR DU ROYAUME;ACTUALIZACIÓN DEL REINO;王国アップデート;왕국 갱신;帝国已更新;帝國已更新;KÖNIGREICH-UPDATE;ОБНОВЛЕНИЕ КОРОЛЕВСТВА;AGGIORNAMENTO REGNO;ATUALIZAÇÃO DO REINO;
;NEW CARDS!;;NOUVELLES CARTES !;¡CARTAS NUEVAS!;新カード発見！;새로운 카드!;新卡牌！;新卡牌！;NEUE KARTEN!;НОВЫЕ КАРТЫ!;NUOVE CARTE!;NOVAS CARTAS!;
kingdom_stats;KINGDOM;;ROYAUME;REINO;王国;왕국;帝国名称;帝國名稱;KÖNIGREICH;КОРОЛЕВСТВО;REGNO;REINO;
objective_stats;Royal deeds;;Actions royales;Acta Real;功績;위업;皇家事迹;皇家事蹟;Königliche Taten;Королевские деяния;Azioni reali;Feitos reais;
;objectives fulfilled;;objectifs remplis;objetivos cumplidos;達成した目標;완료한 목표;目标已完成;目標已完成;erfüllte Ziele;целей выполнено;obiettivi raggiunti;objetivos concluídos;
endcard_stats;Memento mori;;Memento mori;Memento mori;歴代王の最期;죽음의 상징;凡人终死;凡人終死;Memento mori;Помни о смерти;Memento mori;Memento mori;
;destinies met;;morts subies;destinos sufridos;体験した最期;확인한 죽음;种命运已体验;種命運已體驗;erkundete Schicksale;смертей найдено;destini compiuti;destinos cumpridos;
character_stats;Portrait gallery;;Galerie de portraits;Galería de retratos;ポートレートギャラリー;초상화 갤러리;肖像画廊;肖像畫廊;Porträt-Galerie;Галерея;Galleria ritratti;Galeria de retratos;
;characters encountered;;personnages rencontrés;personajes encontrados;出会ったキャラクター;만난 캐릭터;名角色已相遇;名角色已相遇;getroffene Charaktere;персонажей встречено;personaggi incontrati;personagens encontrados;
card_stats;null;;;nulo;null;null;无;無;null;null;;;
;cards discovered;;cartes découvertes;cartas descubiertas;発見したカード;발견한 카드;张卡片已发现;張卡片已發現;entdeckte Karten;карт найдено;carte scoperte;cartas descobertas;
highscore_stats;HIGH SCORE;;MEILLEUR SCORE;PUNTUACIÓN MÁS ALTA;HIGH SCORE;최고 기록;高分榜;高分榜;BESTPUNKTZAHL;РЕКОРД;PUNTEGGIO MIGLIORE;RECORDE;
destiny;NEW DESTINY;;NOUVELLE MORT;NUEVO DESTINO;新たなる運命;새로운 운명;新的命运;新的命運;NEUES SCHICKSAL;НОВАЯ СУДЬБА;NUOVO DESTINO;NOVO DESTINO;
highscore_label;NEW;;NOUVEAU;NUEVO;NEW;신기록;新成绩;新成績;NEUE;НОВЫЙ;NUOVO;NOVO;
;HIGH SCORE;;MEILLEUR SCORE;PUNTUACIÓN MÁS ALTA;HIGH SCORE;최고 기록;新高分！;新高分！;BESTPUNKTZAHL;РЕКОРД;PUNTEGGIO MIGLIORE;RECORDE;
noeffect;You have neither curse, nor spell, nor magical item, nor special event.;;Vous n'avez rien : aucune malédiction, aucun sort, aucun artéfact magique...;No tienes ni maldición, ni hechizo, ni objeto mágico, ni evento especial.;呪い、魔術、+魔法のアイテムや+特別なイベントを+何一つとして持たない。;저주, 주문, 마법 물건이나 특정 이벤트를 소지하고 있지 않습니다.;你既没诅咒，也没法术、法器+或遭遇特殊事件;你既沒詛咒，也沒法術、法器+或遭遇特殊事件;Kein Fluch oder Zauber, kein magischer Gegenstand, kein besonderes Ereignis.;На вас не наложено проклятья и у вас нет каких-то особых способностей.;Non hai maledizioni, incantesimi, oggetti magici o eventi speciali.;Você não tem maldições, feitiços, itens mágicos nem eventos especiais.;
nothing;Nothing;;Rien !;Nada;なし;없음;啥都没有;什麼都沒有;Nichts;Забудь;Niente;Nada;
portrait;Portrait mode;;Mode Portrait;Modo retrato;ポートレートモード;초상화 모드;(国王*王后);(國王*王后);Porträt-Modus;Портретный режим;Modalità Ritratto;Modo retrato;
achieve;Achievements;;Succès;Logros;実績;도전과제;竖屏模式;豎屏模式;Erfolge;Достижения;Obiettivi;Conquistas;
saving;Cloud Save;;Sauvegarde dans le cloud;Almacenamiento en la Nube;クラウドセーブ;클라우드 저장;云端存储;雲端存儲;Cloud-Spielstand;Облачное сохранение;Salvataggio su cloud;Gravação na nuvem;
highscore;Leaderboard;;Classement;Tabla de clasificación;ランキング;순위표;排行榜;排行榜;Bestenliste;Доска лидеров;Classifica;Placar de líderes;
title;Reigns;;Reigns;;Reigns;Reigns;Reigns;Reigns;Reigns;Reigns;Reigns;Reigns;
title2;Game of Thrones;;Game of Thrones;Juego de Tronos;Game of Thrones;왕좌의 게임;Game of Thrones;Game of Thrones;Game of Thrones;Game of Thrones;Game of Thrones;Game of Thrones;
fulltitle;Reigns: Game of Thrones;;Reigns: Game of Thrones;Reigns: Juego de Tronos;Reigns: Game of Thrones;Reigns: 왕좌의 게임;王权：权力的游戏;王權：權力遊戲;Reigns: Game of Thrones;Reigns: Game of Thrones;Reigns: Game of Thrones;Reigns: Game of Thrones;
subtitle;Sit on the Iron Throne;;Prenez place sur le Trône de Fer;Siéntate en el Trono de Hierro;鉄の玉座に座れ;철왕좌에 앉는다;坐上铁王座;坐上鐵王座;Nehmt Platz auf dem Eisernen Thron;Железный трон ждет;Siediti sul Trono di Spade;Sente no Trono de Ferro;
getitnow;Get it now;;Acheter;Píllalo ahora;今すぐ入手;지금 얻기;现在获取;現在獲取;Jetzt holen;Именно вас;Ottieni subito;Obtenha agora;
watchtrailer;Watch a trailer;;Regarder une bande-annonce;Ver un tráiler;トレイラーを見る;트레일러 감상;观看预告片;觀看預告片;Trailer ansehen;Посмотреть трейлер;Guarda un trailer;Assista a um trailer;
the;The;;(Le*La);(El*La); ;(국왕*여왕); ; ;(Der*Die);Их;(Il*La);(O*A);
ruler;(King*Queen);;(Roi*Reine);(Rey*Reina);(王*女王);폐하;(国王*王后);(國王*王后);(König*Königin);Светлость;(Re*Regina);(Rei*Rainha);
isdead;is dead;;(est mort*est morte).;está (muerto*muerta);が崩御！;께서 돌아가셨습니다;驾崩;駕崩;ist tot;мертвы;è (morto*morta);morreu;
isgone;is gone;;(est parti*est partie).;nos ha dejado;が失踪！;께서 승하하셨습니다;离我们而去;離我們而去;ist fort;пропали;se n'è (andato*andata);se foi;
longlive;Long may (he*she);;Longue vie;Larga vida;(国王*女王)陛下の統治が;오래도록;愿(他*她);願(他*她);Lang möge (er*sie);Да здравствует;Possa regnare;Que seja longo;
reigns;reign;;(au Roi*à la Reine) !;(al Rey*a la Reina);栄えんことを！;통치하실 지어다;长治久安;長治久安;herrschen;Их Величество;a lungo;o seu reinado;
little_bird;Pug;;Pug;Pugo;パグ;퍼그;小帕;小帕;Pug;Паг;Pug;Pug;
;Jep;;Jep;Jepo;ジェプ;젭;小杰;小傑;Jep;Джеп;Jep;Jep;
;Don;;Don;Donio;ドン;돈;小唐;小唐;Don;Дон;Don;Don;
;Mel;;Mel;Melo;メル;멜;小梅;小梅;Mel;Мэл;Mel;Mel;
;Bru;;Bru;Bruno;ブルー;브루;布鲁;布魯;Bru;Бру;Bru;Bru;
essos_first_female;Phenira;;Phénira;Fenira;フェニラ;페니라;翡妮拉;翡妮拉;Phenira;Фенира;Phenira;Phenira;
;Hela;;Héla;Helada;ヘラ;헬라;海拉;海拉;Hela;Хела;Hela;Hela;
;Orianna;;Orianna;Ileana;オリアナ;오리아나;奥莉安娜;奧莉安娜;Orianna;Орианна;Orianna;Orianna;
;Ilora;;Ilora;Llorona;イローラ;일로라;爱萝拉;愛蘿拉;Ilora;Илора;Ilora;Ilora;
essos_first_male;Belo;;Bélo;Bello;ベロー;벨로;贝洛;貝洛;Belo;Бело;Belo;Belo;
;Vyroros;;Vyroros;Vigoroso;ヴィロロス;바이로로스;维洛罗斯;維洛羅斯;Vyroros;Виророс;Vyroros;Vyroros;
;Lazello;;Lazello;Lazuelo;ラゼロ;라젤로;拉齐罗;拉齊羅;Lazello;Лазелло;Lazello;Lazello;
;Brachar;;Brachar;Brachario;ブラチャール;브라샤;布拉查;布拉查;Brachar;Брахар;Brachar;Brachar;
essos_last;Eraniros;;Éraniros;Eráculo;エラニロス;에라니로스;伊兰尼罗斯;伊蘭尼羅斯;Eraniros;Эранирос;Eraniros;Eraniros;
;Ostion;;Ostion;Ostión;オスティオン;오스티온;奥斯坤;奧斯坤;Ostion;Остион;Ostion;Ostion;
;Forohrin;;Forohrin;Fororín;フォローリン;포로린;佛罗林;佛羅林;Forohrin;Форорин;Forohrin;Forohrin;
;Mopaar;;Mopaar;Mopario;モパール;모파;莫帕尔;莫帕爾;Mopaar;Мопаар;Mopaar;Mopaar;
west_first_female;Klissa;;Klissa;Claudia;クリッサ;클리샤;柯丽萨;柯麗薩;Klissa;Клисса;Klissa;Klissa;
;Aline;;Aline;Alina;アリン;알리네;艾琳;艾琳;Aline;Алин;Aline;Aline;
;Addysen;;Addysen;Addysina;アディセン;아디센;艾迪森;艾迪森;Addysen;Эддисэн;Addysen;Addysen;
;Mearow;;Mearow;Miara;ミアロー;메아로우;米萝;米蘿;Mearo;Мироу;Mearow;Mearow;
;Cira;;Cira;Cira;シラ;시라;艾伦;艾倫;Cira;Цира;Cira;Cira;
;Taria;;Taria;Teresiña;タリア;타리아;塔莉亚;塔莉亞;Taria;Тарья;Taria;Taria;
;Lyla;;Lyla;Azucena;ライラ;라일라;莱拉;萊拉;Lyla;Лила;Lyla;Lyla;
;Maecy;;Maecy;Rosa;メイシー;메이시;梅茜;梅茜;Maesy;Мэйси;Maecy;Maecy;
;Jaena;;Jaena;Jaena;ジェイナ;제이나;杰娜;傑娜;Jaena;Джейна;Jaena;Jaena;
;Pansy;;Pansy;Pensiva;パンシー;판시;潘西;潘西;Pansy;Панси;Pansy;Pansy;
;Joenne;;Joenne;Joana;ジョンヌ;조엔;约翰妮;約翰妮;Joenne;Джоанна;Joenne;Joenne;
;Raina;;Raina;Raina;ライナ;라이나;莱娜;萊娜;Raina;Рэйна;Raina;Raina;
;Nalia;;Nalia;Nalia;ナリア;날리아;娜丽亚;娜麗亞;Nalia;Налья;Nalia;Nalia;
;Eleana;;Éléana;Lisa;エレアナ;엘레아나;艾琳娜;艾琳娜;Eleana;Элеана;Eleana;Eleana;
;Shana;;Shana;Xuxa;シャナ;샤나;夏娜;夏娜;Shana;Шана;Shana;Shana;
west_first_male;Rylon;;Rylon;Ricardo;ライロン;라일론;瑞伦;瑞倫;Rylon;Рилон;Rylon;Rylon;
;Gerrad;;Gerrad;Gerardo;ジェラード;게라드;杰拉德;傑拉德;Gerrad;Джеррад;Gerrad;Gerrad;
;Jovarn;;Jovarn;Josua;ジョバーン;조반;乔万;喬萬;Jovarn;Джоварн;Jovarn;Jovarn;
;Dougas;;Dougas;Diego;ドウガス;더가스;道格斯;道格斯;Dougas;Дугас;Dougas;Dougas;
;Tyron;;Tyron;Tiranín;タイロン;타이론;泰伦;泰倫;Tyron;Тирон;Tyron;Tyron;
;Ashter;;Ashter;Cenizo;アシュター;애쉬터;阿斯特;阿斯特;Ashter;Аштер;Ashter;Ashter;
;Elrin;;Elrin;Eloy;エルリン;엘린;厄林;厄林;Elrin;Элрин;Elrin;Elrin;
;Grenn;;Grenn;Raúl;グレン;그렌;葛兰;葛蘭;Grenn;Гренн;Grenn;Grenn;
;Jeor;;Jéor;Jeoro;ジェオル;제오;杰奥;傑奧;Jeor;Джеор;Jeor;Jeor;
;Ronas;;Ronas;Ronas;ロナス;로나스;罗纳;羅納;Ronas;Ронас;Ronas;Ronas;
;Tirius;;Tirius;Tirius;ティリウス;티리우스;提利乌斯;提利烏斯;Tirius;Тириус;Tirius;Tirius;
;Stefon;;Stéfon;Estefano;ステフォン;스테폰;斯泰丰;斯泰豐;Stefon;Стефон;Stefon;Stefon;
;Ellion;;Ellion;Elimino;エリオン;엘리온;艾里昂;艾里昂;Ellion;Эллион;Ellion;Ellion;
;Kevan;;Kevan;Kevin;ケヴァン;케반;柯凡;柯凡;Kevan;Кеван;Kevan;Kevan;
;Eddard;;Eddard;Eduardo;エダード;에드다드;艾德;艾德;Eddard;Эддард;Eddard;Eddard;
;Rodry;;Rodry;Rodrigo;ロドリー;로드리;罗德里;羅德里;Rodry;Родри;Rodry;Rodry;
;Fabiar;;Fabiar;Fabio;ファビアル;파비아;法比亚;法比亞;Fabiar;Фабиар;Fabiar;Fabiar;
;Jorah;;Jorah;Jorah;ジョラー;조라;乔拉;喬拉;Jorah;Джорах;Jorah;Jorah;
;Vernan;;Vernan;Vernan;ヴェルナン;버난;佛南;佛南;Vernan;Вернан;Vernan;Vernan;
;Fredric;;Fredric;Federico;フレドリック;프레드릭;弗雷德里;弗雷德里;Fredric;Фредрик;Fredric;Fredric;
doth_first_male;Ovvo;;Ovvo;Huevón;オォー;오보;奥沃;奧沃;Ovvo;Овво;Ovvo;Ovvo;
;Chaqo;;Chaqo;Charco;チャコ;챠코;贾科;賈科;Chaqo;Чако;Chaqo;Chaqo;
;Zinno;;Zinno;Chico;ジンノ;지노;齐诺;齊諾;Zinno;Зинно;Zinno;Zinno;
;Qravvo;;Qravvo;Bebo;クラウォ;큐라보;克拉沃;克拉沃;Qravvo;Кравво;Qravvo;Qravvo;
;Rakharo;;Rakharo;Racaro;ラクハロ;라카로;拉卡洛;拉卡洛;Rakharo;Ракхаро;Rakharo;Rakharo;
;Arro;;Arro;Arrogancio;アロー;아로;阿罗;阿羅;Arro;Арро;Arro;Arro;
unsullied;Pale Carcass;;Pâle-carcasse;Carcasa Pálida;青白き屍;창백한 시체;苍白躯干;蒼白軀幹;Fahler Kadaver;Бледный скелет;Carcassa Pallida;Carcaça Pálida;
;Bleached Bone;;Os-blanchi;Hueso Blanqueado;純白の骨;바래진 유골;漂白骨;漂白骨;Bleicher Knochen;Выбеленная кость;Osso Sbiancato;Dente Mole;
;Clothed Horse;;Cheval-vêtu;Caballo de Trapo;着衣した馬;빨래 건조대;穿衣马;穿衣馬;Bekleidetes Pferd;Мокрая вешалка;Cavallo Agghindato;Cavalo Empacado;
;Slack Face;;Face-molle;Cara Holgada;たるんだ顔;느슨한 얼굴;瘦脸颊;瘦臉頰;Schlaffes Gesicht;Мягкомордый;Faccia Fiacca;Cara Frouxa;
;Cooked Bean;;Haricot-cuit;Frijol Cocido;煮豆;구운 콩;烤豆子;烤豆子;Gekochte Bohne;Вареный боб;Fagiolo Bollito;Feijão Queimado;
;Raw Onion;;Oignon-cru;Cebolla Cruda;生タマネギ;생양파;生洋葱;生洋蔥;Rohe Zwiebel;Сырой лук;Cipolla Cruda;Cebola Podre;
west_last;Sharper;;Sharper;Agudo;シャーパー;날붙이;夏普;夏普;Beilstein;Шарпер;Sharper;Sharper;
;Blackbar;;Barrenoire;Barranegra;ブラックバー;블랙바;布莱巴尔;布萊巴爾;Schwarzgitter;Блэкбар;Blackbar;Blackbar;
;Vance;;Vance;Vanco;ヴィンス;반스;万斯;萬斯;Niderau;Вэнс;Vance;Vance;
;Toyne;;Gatoune;Toñal;トイン;토인;托因;托因;Toyn;Тойн;Toyne;Toyne;
;Redfort;;Forouge;Fortorrojo;レッドロック;레드포트;莱德福德;萊德福德;Schatburg;Рэдфорт;Redfort;Redfort;
;Reed;;Leurozo;Caña;リード;리드;黎德;黎德;Reet;Рид;Reed;Reed;
;Crook;;Crique;Ladronero;クルーク;크룩;克鲁克;克魯克;Cruk;Крук;Crook;Crook;
;Hunt;;Hunt;Cazador;ハンター;헌트;亨特;亨特;Treffel;Хаунт;Hunt;Hunt;
;Ridman ;;Mystair;Ridínez;リドマン;리드맨;里德曼;里德曼;Ritman;Ридман;Ridman;Ridman;
;Skoner;;Skoner;de Relumbrón;スコーナー;스키너;斯科纳;斯科納;Kürschner;Сконер;Skoner;Skoner;
;Thicketh;;Lépais;Gordinflas;チケッス;시케스;希克斯;希克斯;Tickes;Тикетс;Thicketh;Thicketh;
;Bywater;;Delarive;Poragua;バイタイド;바이워터;拜沃特尔;拜沃特爾;Malfurt;Байватер;Bywater;Bywater;
end_dragon;Dragon Hunger;;Un dragon affamé;Hambre de Dragón;ドラゴンの餓え;드래곤 갈망자;龙之饥饿;龍之饑餓;Drachenhunger;Голодный дракон;Fame del Drago;Fome de Dragão;
end_abomination;Mad Revenge;;Folle vengeance;Loca Venganza;狂える復讐;광기의 복수;疯狂复仇;瘋狂復仇;Irre Rache;Запоздалая месть;Folle Vendetta;Vingança Insana;
end_walker;Rusty Throne;;Le Trône rouillé;Trono Oxidado;錆びた玉座;녹슨 왕좌;生锈王座;生銹王座;Rostiger Thron;Ржавый трон;Trono Arrugginito;Trono Enferrujado;
end_flea_bottom;Walk of Shame;;La marche de la honte;Paseo de la Vergüenza;恥辱の道;수치스러운 행진;游街示众;遊街示眾;Gang der Schande;Позорное шествие;Camminata della Vergogna;Caminhada da Vergonha;
end_heart;Faceless Man;;Sans-Visage;Hombre Sin Rostro;顔なき者;얼굴 없는 자;无面者;無面者;Mann ohne Gesicht;Безликий;Uomo senza Volto;Homem sem Rosto;
end_wildfire;Wildfire Bath;;Bain de feu grégeois;Baño de Fuego Valyrio;炎素浴;와일드파이어 목욕;野火浴;野火浴;Seefeuer-Bad;Дикая ванна;Bagno di Altofuoco;Banho de Fogo Selvagem;
end_greyscale;Greyscale;;Grisécaille;Psoriagrís;灰鱗病;회색병;灰鳞病;灰鱗病;Grauschuppen;Серая хворь;Morbo Grigio;Escamagris;
end_kiss;Kiss of the Lover;;Baiser langoureux;Beso envenenado;愛人の口づけ;연인의 키스;情人之吻;情人之吻;Kuss der Liebe;Нежный поцелуй;Bacio dell'Amante;Beijo Envenenado;
end_interlude;Nine Ravens;;Neuf corbeaux;Nueve Cuervos;9羽のカラス;아홉 큰까마귀;九只乌鸦;九隻烏鴉;Neun Raben;Девять воронов;Nove Corvi;Nove Corvos;
end_swords;Forty Swords;;Quarante lames;Cuarenta Espadas;40本の剣;사십 개의 검;四十把剑;四十把劍;Vierzig Schwerter;Сорок мечей;Quaranta Spade;Quarenta Espadas;
end_pole;The Pole;;Le poteau;El Asta;棒縛り;장대;柱刑;柱刑;Der Pfahl;Шест;Il Palo;O Poste;
end_red_keep;Lost Underground;;Le dédale sous-terrain;Perdido en el Inframundo;迷宮入り;지하에서 잊힘;迷失地下;迷失地下;In den Verliesen;Выхода нет;Labirinto Sotterraneo;Labirinto Subterrâneo;
end_butterfly;Butterfly Fever;;La fièvre mystérieuse;Fiebre misteriosa;謎の病;나비열;无端高烧;無端高燒;Geheimnisvolles Fieber;Странный жар;Febbre Misteriosa;Febre Misteriosa;
end_wolf;Fangs;;Crocs;Colmillos;狼の牙;송곳니;獠牙;獠牙;Reißzähne;Когти;Artigli;Presas;
end_throne;Bloody Throne;;Le Trône de Sang;Trono Sangriento;血まみれの玉座;피로 물든 왕좌;血染王座;血染王座;Blutiger Thron;Кровавый трон;Trono di Sangue;Trono Ensanguentado;
end_daenerys;Daenerys' Flight;;L'envol de Daenerys;Vuelo de Daenerys;デナーリスの飛翔;대너리의 비행;丹妮莉丝的逃离;丹妮莉絲的逃離;Daenerys' Flucht;Полет Дейнерис;Volo di Daenerys;Voo da Daenerys;
end_tyrion;Tyrion's Bliss;;L'extase de Tyrion;La Bendición de Tyrion;ティリオンの喜び;티리온의 축복;提利昂的祝福;提利昂的祝福;Tyrions Glück;Нега Тириона;Benedizione di Tyrion;Glória de Tyrion;
end_sansa;Silent Sister;;Sœur du Silence;Hermana Silenciosa;サイレント・シスター;침묵의 자매;静默姐妹;靜默姐妹;Schweigende Schwester;Молчаливая сестра;Sorella del Silenzio;Irmã Silenciosa;
end_twins;Twins Embrace;;Inséparables jumeaux;Abrazo de Gemelos;双子の抱擁;쌍둥이의 포옹;双子的拥抱;雙子的擁抱;Umarmung der Zwillinge;Объятие близнецов;Abbraccio tra Gemelli;Abraço dos Gêmeos;
end_strangled;Arya's Neck;;Le cou d'Arya;Cuello de Arya;アリアの首;아리아의 목;艾莉亚的脖颈;艾莉亞的脖子;Aryas Hals;Шея Арьи;Collo di Arya;Pescoço da Arya;
end_poison;Bitterness;;Amertume;Amargura;苦き味;쓰라림;苦涩之味;苦澀之味;Bitterkeit;Горечь;Amarezza;Amargura;
end_cersei;More Wine;;Du vin !;Más vino;もっとワインを;술을 더 가져와라;再来些酒;再來些酒;Mehr Wein;Еще вина;Altro Vino;Mais Vinho;
end_ship;Shadow Lands;;Les Contrées de l'Ombre;Tierra de Sombras;影の土地;쉐도우랜드;暗影之地;暗影之地;Schattenländer;Край Теней;Terra delle Ombre;Terras das Sombras;
end_knights;In the melee;;Corps à corps;En tumulto de la batalla;乱闘;전투에서;短兵相接;短兵相接;Im offenen Kampf;В рукопашную;In Mischia;Em combate;
end_tourney;Broken Things;;Fractures;Cosas Rotas;壊れたものたち;부서진 것;四分五裂;四分五裂;Zerborstene Dinge;Вся королевская конница;Cose Rotte;Coisas Quebradas;
end_paradise;Far Away;;Destinée lointaine;Muy lejos;はるか遠く;저 멀리;远走高飞;遠走高飛;Weit entfernt;Далеко-далеко;Lontano;Bem Longe;
end_broken;Sad Revenge;;Triste vindicte;Triste Venganza;悲しき復讐;슬픈 복수;悲伤的复仇;悲傷的復仇;Traurige Rache;Печальная месть;Triste Vendetta;Triste Vingança;
end_good;Remembered;;Commémoration;En el recuerdo;記憶に残りし統治;기억되다;为人纪念;為人紀念;In Erinnerung;Воспоминания;Ricordo Imperituro;Na Lembrança;
end_gendry;Gendry's Curse;;La malédiction de Gendry;La Maldición de Gendry;ジェンドリーの呪い;겐드리의 저주;詹德利的诅咒;詹德利的詛咒;Gendrys Fluch;Проклятье Джендри;Maledizione di Gendry;Maldição do Gendry;
collection;In the same collection...;;Dans la même collection...;En la misma colección...;同じシリーズで…;같은 시리즈에서…;在同一系列中…;在同一系列中…;Aus der gleichen Reihe ...;В той же коллекции...;Nella stessa collezione...;Na mesma coleção...;
headphones;HEADPHONES RECOMMENDED;;CASQUE RECOMMANDÉ;AURICULARES RECOMENDADOS;ヘッドフォンを推奨;헤드폰 사용을 추천합니다;强烈建议使用耳机;強烈建議使用耳機;KOPFHÖRER EMPFOHLEN;РЕКОМЕНДУЕМ ИГРАТЬ В НАУШНИКАХ;È CONSIGLIATO L'USO DI CUFFIE;RECOMENDAMOS O USO DE FONES DE OUVIDO;
credits4;Game of Thrones series score composer;;Compositeur de la bande originale de Game of Thrones;Compositor musical de la serie Juego de Tronos;Game of Thrones シリーズ 作曲家;왕좌의 게임 사운드트랙 작곡가;权力的游戏系列剧集作曲家;權力的遊戲系列劇集作曲家;Komponist der Musik für Game of Thrones;Композитор сериала «Игра Престолов»;Compositore colonna sonora serie Game of Thrones;Compositor da trilha sonora de Game of Thrones;
names4;Ramin Djawadi;;Ramin Djawadi;Ramin Djawadi;Ramin Djawadi;Ramin Djawadi;Ramin Djawadi;Ramin Djawadi;Ramin Djawadi;Ramin Djawadi;Ramin Djawadi;Ramin Djawadi;
launch;Game translated in <replace this with your language>! Includes free iMessage stickers.;;Jeu traduit en français ! Comprend des stickers iMessage gratuits.;Juego traducido al español. Incluye stickers iMessage gratuitos.;ゲームが日本語に翻訳されました！+無料のiMessage ステッカーも付属しています。;한국어를 지원합니다! 무료 iMessage 스티커를 포함하고 있습니다.;游戏内含中文字幕！包括免费iMessage贴纸;遊戲內含中文字幕！包括免費iMessage貼紙;Deutsche Version des Spiels! Enthält kostenlose iMessage-Sticker.;Игра переведена на русский! Включает в себя бесплатные стикеры для iMessage.;Gioco tradotto in italiano! Include adesivi gratuiti per iMessage.;Jogo traduzido em Português do Brasil! Inclui adesivos grátis do iMessage!;
null;null;;;;null;null;无;無;null;null;;;