tag;title;tu_title;fr_title;es_title;jp_title;ko_title;sc_title;tc_title;de_title;ru_title;it_title;bp_title;description;tu_description;fr_description;es_description;jp_description;ko_description;sc_description;tc_description;de_description;ru_description;it_description;bp_description
;Max 30 char.;Max 30 char.;Max 30 char.;Max 30 char.;Max 30 char.;Max 30 char.;Max 30 char.;Max 30 char.;Max 30 char.;Max 30 char.;Max 30 char.;Max 30 char.;Max 140 char.;Max 140 char.;Max 140 char.;Max 140 char.;Max 140 char.;Max 140 char.;Max 140 char.;Max 140 char.;Max 140 char.;Max 140 char.;Max 140 char.;Max 140 char.
jon_super;King Crow;;Roi Corbeau;Rey Cuervo;カラスの王;까마귀 왕;乌鸦之王;烏鴉之王;Königskrähe;Король-ворона;Re Corvo;O rei corvo;No one will doubt your authority or your honor, even if you hoard as much <*power*> as possible.;;Personne ne doute de votre autorité ou de votre honneur, même si vous accumulez autant de <*pouvoir*> que possible.;Nadie pondrá en duda tu autoridad o tu honor, ni siquiera aunque acapares tanto <*poder*> como te sea posible.;できる限り<*権力*>をかき集めても、+誰もあなたの権威と名誉を+疑うことはないだろう。;아무리 많은 <*권력*>을 비축하더라도, 그 누구도 당신의 권위와 명예를 의심하지 않을 것입니다.;没有人会质疑你保护王国的忠心，+就算你肆意扩张<*权力*>也没关系;沒有人會質疑你保護王國的忠心，就算你肆意擴張<*權力*>也沒關係;Niemand wird Eure Autorität oder Ehre in Frage stellen, selbst wenn Ihr so viel <*Macht*> wie möglich ansammelt.;Никто не усомнится в вашей чести, как много <*власти*> вы ни обрели бы.;Nessuno dubiterà della vostra autorità o del vostro onore, anche se accrescerete al massimo il vostro <*potere*>.;Ninguém duvidará da sua autoridade ou da sua honra, mesmo que você acumule o máximo possível de <*poder*>.
daenerys_super;Dracarys;;Dracarys;Dracarys;ドラカリス;드라카리스;龙焰;龍焰;Dracarys;Дракарис;Dracarys;Dracarys;Drogon is awake! The great Houses are afraid of him. The <*people*>'s love is no longer a threat to your throne.;;Drogon s'est réveillé ! Les Grandes Maisons ont peur de lui. L'amour du <*peuple*> n'est plus une menace pour votre règne.;¡Drogon está despierto! Las Grandes Casas le tienen miedo. El amor del <*pueblo*> ya no es una amenaza para tu trono.;ドロゴンが目を覚ました！+諸名家は彼を恐れている。+<*人々*>の愛情はあなたの王位を+脅かすことはなくなる。;드로곤이 깨어났습니다! 대 가문들은 드로곤을 두려워합니다. <*사람*>들의 사랑은 더 이상 왕좌에 위협이 되지 않습니다.;卓耿醒了！几大家族对他惧怕不已+<*民众*>的支持再也不会影响你的统治了;卓耿醒了！幾大家族對他懼怕不已+<*民眾*>的支持再也不會影響你的統治了;Drogon ist erwacht! Die Großen Häuser fürchten ihn. Die Liebe des <*Volkes*> ist keine Gefahr mehr für Euren Thron.;Дрогон пробудился, и Великие дома трепещут перед ним. Любовь <*народа*> больше вас не интересует.;Drogon è sveglio! Le Grandi Case lo temono. Il consenso del <*popolo*> non rappresenta più una minaccia per il vostro trono.;Drogon despertou! As grandes Casas o temem. O amor do <*povo*> não é mais uma ameaça ao seu trono.
riders_super;Dragon riders;;Chevaucheurs de dragon;Jinetes de Dragones;ドラゴンライダー;드래곤 라이더;龙骑士;龍騎士;Drachenreiter;Драконьи всадники;A cavallo di draghi;Cavaleiros dos dragões;Rhaegal is mounted and flies alongside Drogon. Many see you as the last chance to protect the realm against the White Walkers.;;Rhaegal a un cavalier et vole aux côtés de Drogon. Beaucoup vous considèrent comme la dernière chance du royaume face aux marcheurs blancs.;Rhaegal es montado y vuela junto a Drogon. Para muchos eres la última oportunidad de proteger el reino contra los Caminantes Blancos.;レイガルは騎士を乗せ、+ドロゴンと共に飛ぶ。+多くの人々があなたを+ホワイト・ウォーカーから国を守る+最後の砦だと見ている。;라에갈의 등에 사람의 모습이 보이며 드로곤과 함께 날아갑니다. 많은 이들이 화이트 워커로부터 왕국을 수호할 마지막 희망이 당신이라고 생각합니다.;异鬼骑上了雷哥，与卓耿同飞+人们都将你视为保护全境不受异鬼危害+的最后机会;異鬼騎上了雷哥，與卓耿同飛+人們都將你視為保護全境不受異鬼危害+的最後機會;Rhaegal wird geritten und fliegt neben Drogon. Viele sehen in Euch die letzte Chance, das Reich vor den Weißen Wanderern zu beschützen.;Теперь у Рейгаля есть собственный всадник, и он может сражаться вместе с Дрогоном. Кому, как не вам, защитить всех от ходоков?;Rhaegal è cavalcato e vola accanto a Drogon. Per molti siete l'ultima speranza: l'unica persona capace di difendere il regno dagli Estranei.;Rhaegal está montado e voa ao lado de Drogon. Muitos veem você como a última chance de proteger o reino contra os vagantes brancos.
cersei_super;Baelor's bane;;Fléau de Baelor;Flagelo de Baelor;ベイラーの災い;바엘로르의 골칫거리;圣堂之祸;聖堂之禍;Baelors Unheil;Бич Бейлора;Il flagello di Baelor;Destruição de Baelor;The Great Sept of Baelor has been destroyed. The Faith Militant cannot return, no matter how poorly you treat the institution of <*faith.*>;;Le Grand Septuaire de Baelor a été détruit. La Foi Militante ne peut pas faire son retour, même si votre <*foi*> est faible.;El Gran Septo de Baelor ha sido destruido. La Fe Militante no podrá regresar, por muy mal que trates a la institución de la <*fe*>.;ベイラーでの偉大なるセプトが滅ぼされた。+どれだけ<*信仰*>を軽視しても、+聖兵が再編されることはなくなった。;바엘로르의 대셉트가 파괴되었습니다. 당신이 얼마나 <*종교*> 제도에 소홀했든, 무장교단은 돌아올 수 없습니다.;贝勒大圣堂被炸毁，+意味着无论你如何苛待<*教会*>，+教会武装都再无反抗的可能。;貝勒大聖堂被炸毀，+意味著無論你如何苛待<*教會*>，+教會武裝都再無反抗的可能。;Die Große Septe von Baelor ist zerstört. Der Kriegerische Arm kehrt nie zurück, wie sehr Ihr Vertreter des <*Glaubens*> auch brüskiert.;Уничтожение Великой септы Бейлора поставило на Святом воинстве крест — мнение людей <*веры*> больше вас не волнует.;Il Grande Tempio di Baelor è stato distrutto. Il Credo Militante non tornerà, a prescindere da quanto sviliate la <*fede.*>;O Grande Septo de Baelor foi destruído. A Fé Militante não pode retornar, por pior que você trate a instituição da <*fé.*>
machines_super;War machines;;Engins de guerre;Máquinas de guerra;攻城兵器;전쟁기계;战争机器;戰爭武器;Kriegsmaschinen;Боевые машины;Macchine da guerra;Máquinas de guerra;By stabilizing wildfire, you managed to create the most formidable war machines the world has ever known.;;En contrôlant le feu grégeois, vous avez réussi à créer les engins de guerre les plus redoutables de l'histoire.;Con la estabilización del fuego valyrio, te las arreglas para crear las máquinas de guerra más formidables que el mundo ha conocido hasta ahora.;炎素を安定化させることで、+世界で最も恐ろしい兵器を+作り出すことができた。;와일드파이어를 안정화시킨 당신은 세상이 여태껏 몰랐던 가장 어마어마한 전쟁기계를 만들 수 있게 되었습니다.;稳定了野火后，你成功地+造出了世间最具威慑力的战争机器;穩定了野火後，你成功地+造出了世間最具威懾力的戰爭機器;Durch Stabilisierung des Seefeuers konntet Ihr die schlagkräftigsten Kriegsmaschinen herstellen, die die Welt je gesehen hat.;Подчинив себе дикий огонь, вы построили самые ужасные орудия убийства, которые только знал мир.;Stabilizzando l'Altofuoco avete creato le macchine da guerra più formidabili che si siano mai viste.;Ao estabilizar o fogo selvagem, você conseguiu criar as mais formidáveis máquinas de guerra que o mundo já viu.
tyrion_super;Debtless;;Fonds illimités;Sin deuda;貸しを持たぬ者;자산 관리 전문가;无债一身轻;無債一身輕;Schuldenfrei;Богатство;Senza debiti;Sem dívidas;Your expertise with money is such that you will always find a way to replenish the <*treasury*>.;;Votre expertise comptable vous permet de toujours trouver un moyen de remplir les <*caisses*> du royaume.;Tu experiencia con el dinero es tal que siempre encontrarás una manera de reponer el <*tesoro*>.;いかなる時でも<*財貨*>を+得る手段を見つけられるほど、+あなたは財貨の扱いに長けている。;당신은 돈에 관한 전문지식이 뛰어나 <*금고*>를 언제나 다시 채울 수 있는 방법을 찾을 수 있습니다.;你擅长与钱打交道，总能+找到办法填满 <*国库*>;你擅長與錢打交道，總能+找到辦法填滿 <*國庫*>;Ihr könnt so gut mit Geld umgehen, dass Ihr immer einen Weg finden werdet, die <*Schatzkammer*> aufzufüllen.;Вы настолько ловко обращаетесь с гроссбухом, что недостаток <*денег*> вам точно не грозит.;Siete talmente abili nel gestire il denaro che troverete sempre il modo di rimpinguare il <*tesoro*>.;Suas habilidades financeiras são tão excelentes, que você sempre encontrará uma forma de restituir os <*cofres*>.
trap_super;The Trap;;Le piège;La Trampa;罠;함정;陷阱;陷阱;Die Falle;Ловушка;La trappola;A armadilha;You've hidden all the wildfire in the Seven Kingdoms under the ice at the Gods Eye. The lake is the largest trap ever made.;;Vous avez dissimulé tout le feu grégeois des Sept Couronnes sous la glace d'Œildieu. Le lac est devenu un gigantesque piège.;Has escondido todo el fuego valyrio existente en los Siete Reinos bajo el hielo de Ojo de Dioses. El lago es la mayor trampa jamás creada.;神の目湖の氷の下に、+七王国にあるすべての炎素を隠した。+この湖は途方もなく大きな罠となった。;당신은 칠왕국에 있는 모든 와일드파이어를 모아 신의 눈 호수의 얼음 아래 숨겨두었습니다. 이 호수는 지상 최대의 함정이 될 것입니다.;你将七王国所有的野火藏在了+神眼湖冰面下+湖变成了史上最大的陷阱;你將七王國所有的野火藏在了+神眼湖冰面下+湖變成了史上最大的陷阱;Ihr habt das gesamte Seefeuer der Sieben Königslande unter dem Eis am Götterauge versteckt. Der See ist die größte Falle aller Zeiten.;Весь дикий огонь в Семи Королевствах надежно спрятан подо льдом Божьего Ока. Озеро превратилось в одну огромную ловушку.;Avete nascosto tutto l'Altofuoco dei Sette Regni sotto il ghiaccio dell'Occhio degli Dei. Il lago è la più grande trappola mai realizzata.;Você escondeu todo fogo selvagem dos Sete Reinos sob o gelo do Olho de Deus. O lago agora é a maior armadilha de todos os tempos.
sansa_super;The North Remembers;;Le Nord se souvient;El Norte Recuerda;北部の義理;북부가 기억하리;北境永不遗忘;北境永不遺忘;Der Norden erinnert sich;Север помнит;Il Nord ricorda;O Norte se lembra;Your bannermen will support your claim to the throne, no matter the situation. You will not die because you lack <*power*>.;;Vos bannerets soutiendront votre règne, quelle que soit la situation. Vous ne pouvez pas mourir par manque de <*pouvoir*>.;Tus vasallos apoyarán tu derecho al trono, sin importarles la situación. No morirás porque carezcas de <*poder*>.;旗手たちは、+どのような状況に陥っても+あなたを支持するだろう。+<*権力*>不足によって死ななくなる。;당신의 기수는 어떤 상황이 오든 당신이 왕위를 주장하는 데 도움을 줄 것이며, <*권력*>이 부족해 죽는 일은 없을 것입니다.;你的封臣将为你赴汤蹈火，+支持你争夺王位+你不会因<*权力*>不足而灭亡;你的封臣將為你赴湯蹈火，+支持你爭奪王位+你不會因<*權力*>不足而滅亡;Eure Vasallen unterstützen Euren Anspruch auf den Thron, was auch passiert. Ihr werdet nicht sterben, weil es Euch an <*Macht*> fehlt.;Ваши верные сторонники поддержат вас, что бы ни случилось. Утрата <*власти*> больше вам не грозит.;Indipendentemente da tutto, i portabandiera appoggeranno la vostra ascesa al trono. Non morirete per mancanza di <*potere*>.;Suas Casas vassalas apoiarão sua reivindicação ao trono, seja qual for a situação. Você não morrerá por falta de <*poder*>.
one_super;One Kingdom;;Un royaume;Un Solo Reino;統一されし王国;하나의 왕국;一个帝国;一個帝國;Ein Königreich;Единое королевство;Un solo regno;Um reino;You have united all the Kingdoms of Westeros behind your rule, through cunning and leadership.;;Vous avez uni tous les royaumes de Westeros sous votre autorité, en ayant recours à votre charisme et votre malice.;Has unificado todos los reinos de Poniente bajo tu reinado, con ayuda de tu astucia y liderazgo.;ウェスタロス内の国をすべて+統治下に入れた。+知略と統率力の賜物だ。;당신은 웨스테로스의 모든 왕국을 간계와 지도력으로 복속시켰습니다.;在你统治下，+维斯特洛所有王国都统一了+手段当然是智谋和领导力了;在你統治下，+維斯特洛所有王國都統一了+手段當然是智謀和領導力了;Mit List und Führungsstärke habt Ihr alle Königslande von Westeros unter Eurer Herrschaft vereint.;Вы объединили Вестерос, в чем вам изрядно помогли стальная воля и гибкий разум.;Con astuzia e carisma avete unito i regni di Westeros sotto il vostro comando.;Você uniu todos os reinos de Westeros sob o seu comando graças à sua engenhosidade e capacidade de liderança.
valyrian_super;Valyrian Dust;;Poussière Valyrienne;Polvo Valyrio;ヴァリリアの粉;발리리아 가루;瓦雷利亚土;瓦雷利亞土;Valyrischer Staub;Валирийская пыль;Polvere valyriana;Pó valiriano;You have produced a myriad of Valyrian blades and arrowheads, thanks to the formula you have unearthed.;;Vous avez produit une multitude d'armes et de flèches valyriennes grâce à la formule que vous avez découverte.;Has producido un gran número de espadas y puntas de flecha de acero valyrio, gracias a la fórmula que has descubierto.;ヴァリリア鋼の武器と+矢じりを数多く生産した。+見つけた製造法が役に立ったのだ。;당신이 출토한 제조법 덕분에, 무수히 많은 발리리아 칼과 화살촉을 만들 수 있게 되었습니다.;你成功打造了大量瓦雷利亚剑刃和箭矢+多亏了你发现的配方;你成功打造了大量瓦雷利亞劍刃和箭矢+多虧了你發現的配方;Dank der von Euch entdeckten Formel habt Ihr eine Unzahl valyrischer Klingen und Pfeilspitzen hergestellt.;Загадочный рецепт позволил вам произвести бесчисленное множество валирийских клинков и стрел.;Grazie alla formula che avete scoperto, avete prodotto una miriade di lame e punte di freccia valyriane.;Você produziu uma infinidade de lâminas e flechas de aço valiriano graças à fórmula que você trouxe à luz.
jaime_super;The Faithful;;Le Fidèle;El Fiel;信奉者;신실한 자;忠心耿耿;忠心耿耿;Der Treue;Верность;Il Devoto;O fiel;You will not die by the hand of your lover when you have too much <*money*>. Is it honor, or the memory of Cersei?;;Votre maîtresse ne vous tuera pas si vous avez trop d'<*argent*>. Par sens de l'honneur ou en souvenir de Cersei ?;Al tener demasiado <*dinero*>, no morirás a manos de tu amante. ¿Es el honor, o el recuerdo de Cersei?;<*金*>をあまりにも多く溜め込んでも、+恋人に殺されることはなくなった。+名誉かサーセイの記憶、+どちらだろうか。;<*돈*>을 많이 지니고 있더라도 연인의 손에 죽지 않습니다. 명예 때문일까요, 아니면 세르세이의 기억 때문일까요?;<*金钱*>过多的时候+你不会死于情人之手+是因为荣誉吗，还是对瑟曦的回忆？;<*金錢*>過多的時候+你不會死於情人之手+是因為榮譽嗎，還是對瑟曦的回憶？;Ihr werdet nicht durch die Hand Eurer Geliebten sterben, wenn Ihr zu viel <*Geld*> habt. Ist das Ehre oder die Erinnerung an Cersei?;Даже купаясь в <*деньгах*>, вы можете не бояться смерти от рук любовницы. Честь ли это, память о Серсее ли?;Non morirete per mano della vostra amante quando avrete troppo <*denaro*>. È onore o solo il ricordo di Cersei?;Você não será morto pela sua amante quando tiver <*dinheiro*> demais. Será honra, ou a lembrança de Cersei?
lightbringer_super;The Sword;;L'Épée;La Espada;剣;검;神剑;神劍;Das Schwert;Меч;La spada;A espada;The people of Westeros are convinced that you are the legendary Azor Ahai. By not denying this belief you manage to unite the Seven Kingdoms.;;Le peuple de Westeros est convaincu que vous êtes le légendaire Azor Ahai. Vous ne niez pas et unifiez le royaume des Sept Couronnes.;El pueblo de Poniente está convencido de que eres el legendario Azor Ahai. Al no negar esta creencia, logras unirficar los Siete Reinos.;七王国を一つに統べるという+信念を否定しないことから、+ウェスタロスの人々はあなたを+伝説のアゾル・アハイではないかと信じている。;웨스테로스의 사람들은 당신이 전설 속의 아조르 아하이라고 믿습니다. 이 믿음을 부정하지 않은 당신은 칠왕국을 연합시켰습니다.;维斯特洛人民深信你就是+传说中的亚梭尔·亚亥+你默认了这一信仰，从而统一了七王国;維斯特洛人民深信你就是+傳說中的亞梭爾·亞亥+你默認了這一信仰，從而統一了七王國;Die Bewohner von Westeros halten Euch für den legendären Azor Ahai. Indem Ihr das nicht bestreitet, könnt Ihr die Sieben Königslande einen.;Весь Вестерос верит в то, что вы и есть Азор Ахай. Вы не стали никого разубеждать, и теперь Семь Королевств ваши.;Il popolo di Westeros è convinto che voi siate il leggendario Azor Ahai. Non negandolo, riuscite a unire i Sette Regni.;O povo de Westeros está convencido de que você é Azor Ahai renascido. Por não negar essa crença, você consegue unir os Sete Reinos.
gendry_super;Bastard King;;Roi Bâtard;Rey Bastardo;ならず者の王;서자왕;私生子王;私生子王;Bastardkönig;Король-бастард;Re Bastardo;O rei bastardo;The <*people*> of Westeros consider you as one of there own. They will not overthrow you, even if you mistreat them.;;Le <*peuple*> de Westeros vous considère comme l'un des leurs. Ils ne vous renverseront pas, même si vous les maltraitez.;El <*pueblo*> de Poniente te ve como uno de los suyos. No te echarán del trono, ni siquiera aunque les maltrates.;ウェスタロスの<*人々*>は+あなたを同胞だと思っている。+どれだけ彼らを虐げても、+彼らに王座を降ろされることはないだろう。;웨스테로스의 <*백성*>들은 당신을 동지로 여깁니다. 당신이 백성들을 잘못 대하더라도 결코 당신을 타도하러 오지 않을 것입니다.;维斯特洛的<*民众*>将你视作同辈+你再怎样暴虐也不会推翻你;維斯特洛的<*民眾*>將你視作同輩+你再怎樣暴虐也不會推翻你;Das <*Volk*> von Westeros betrachtet Euch als einen von ihnen. Es wird Euch nicht stürzen, selbst wenn Ihr es schlecht behandelt.;<*Народ*> Вестероса считает вас своим в доску — уж крестьянского восстания вы точно можете не бояться.;Il <*popolo*> di Westeros vi considera parte di loro. Gli abitanti non vi rovesceranno, anche se li maltrattate.;O <*povo*> de Westeros se identifica com você por suas origens humildes. Eles não tentarão tirá-lo do trono, mesmo que você os maltrate.
horn_super;Horn of Winter;;Corne de l'Hiver;Cuerno del Invierno;冬の角笛;겨울의 뿔피리;冬日号角;冬日號角;Horn des Winters;Рог Зимы;Corno dell'Inverno;Berrante do Inverno;Blow the Horn of Winter to wake up giants from deep in the earth and lay waste to the Night King's armies.;;Utilisez la Corne de l'Hiver pour réveiller les géants assoupis sous terre et éliminer les armées du Roi de la Nuit.;Sóplalo para despertar a los gigantes de las profundidades y haz estragos en el ejército del Rey de la Noche.;冬の角笛を吹くことで+地底深くに眠る巨人たちを呼び起こし、+夜の王の軍勢を滅ぼそう。;겨울의 뿔피리를 불어 땅 아래에 있는 거인들을 깨우고 밤의 왕의 군대를 초토화시키십시오.;吹响冬日号角，唤醒地下沉睡的巨人+一举摧毁夜王的军队;吹響冬日號角，喚醒地下沉睡的巨人+一舉摧毀夜王的軍隊;Blast das Horn des Winters, um Riesen tief unter der Erde zu wecken und die Armeen des Nachtkönigs zu vernichten.;Рог Зимы может призвать к жизни великанов, дремлющих глубоко под землей, и обратить армию Короля Ночи в прах.;Suonate il Corno dell'Inverno per svegliare i giganti nelle profondità della terra e devastare le armate del Re della Notte.;Toque o Berrante do Inverno para despertar os gigantes das profundezas da terra e derrotar os exércitos do Rei da Noite.
arya_super;Faceless;;Sans-Visage;Sin Rostro;顔なき者;얼굴 없는 자;无面人;無面人;Ohne Gesicht;Безликая;Senza Volto;Sem rosto;Though the people are troubled by heathens and other crises of <*faith*>, you remain untouchable. No assassin dares approach you.;;Même si le peuple est déstabilisé par des païens et autres problèmes de <*foi*>, vous restez intouchable. Aucun tueur n'osera vous approcher.;Aunque el pueblo está preocupado por los paganos y otras crisis de <*fe*>, sigues siendo intocable. Ningún asesino se te acerca.;人々は異教や<*信仰*>の+危機に対して敏感だが、+あなたの身は安全だ。+暗殺者に狙われることはないだろう。;이단자와 <*신앙*>으로 인한 재앙에 고통받은 사람들은 당신을 불가침의 존재로 여깁니다. 그 어떤 암살자도 당신에게 감히 다가오지 못합니다.;虽然人们饱受异教徒和+其他<*教会*>危机+你仍无可撼动，没有刺客胆敢靠近你;雖然人們飽受異教徒和+其他<*教會*>危機+你仍無可撼動，沒有刺客膽敢靠近你;Obwohl Heiden und andere Krisen des <*Glaubens*> die Leute beunruhigen, bleibt Ihr unantastbar. Kein Meuchler wagt sich an Euch heran.;Ни один убийца не осмелится приблизиться к вам, ибо ваша <*вера*> в себя несокрушима.;Anche se il popolo è turbato dai pagani e da altri problemi di <*fede*>, voi siete intoccabile. Nessun assassino vi si avvicinerà.;Apesar dos problemas com infiéis e outras crises de <*fé*>, você permanece incólume. Nenhum assassino ousa se aproximar de você.
alliance_super;The Pact;;Le Pacte;El Pacto;盟約;조약;同盟;同盟;Der Pakt;Сделка;Il patto;O pacto;You have forged the strongest of alliances between the North and the Southerner Kingdoms. All Westeros rallies behind you.;;Vous avez forgé une alliance très solide entre les royaumes du Nord et du Sud. Tout Westeros se rallie à vous.;Has forjado la más fuerte de las alianzas entre el Norte y los reinos sureños. Poniente entero te apoya.;南北間で最強の同盟を+結ぶことができた。+ウェスタロスの人々が、+あなたのもとに集まってくる。;당신은 북부와 남부 왕국간에 강력한 연합을 맺었습니다. 모든 웨스테로스인들이 당신 앞에 결집합니다.;你结成了南北帝国间最强大的同盟+整个维斯特洛大陆都统一在你身后;你結成了南北帝國間最強大的同盟+整個維斯特洛大陸都統一在你身後;Ihr habt das stärkste aller Bündnisse zwischen dem Norden und dem Süden geschmiedet. Ganz Westeros versammelt sich hinter Euch.;Вы заключили союз между Севером и Югом, сплотив весь Вестерос.;Avete stipulato un'alleanza di ferro tra il Nord e i regni del Sud. Tutta Westeros è con voi.;Você forjou a mais forte das alianças entre os reinos do Norte e do Sul. Todas as forças de Westeros estão ao seu lado.
dragonglass_super;Dragonglass;;Verredragon;Vidriagón;ドラゴングラス;흑요석;龙晶;龍晶;Drachenglas;Драконье стекло;Vetro di Drago;Vidro de dragão;You have mined ten thousand dragonglass daggers and arrowheads. The weapons are distributed among your allies. ;;Vous avez forgé dix mille dagues et flèches de verredragon. Les armes sont distribuées à tous vos alliés.;Has extraído diez mil dagas y puntas de flecha de vidriagón. Las armas son distribuídas entre tus aliados.;1万個のドラゴングラス製短剣と+矢じりを掘り出した。+これらの武器は仲間たちに分け与えられる。;당신은 일만 개의 흑요석 단검과 화살촉을 채굴했습니다. 이 무기들은 당신의 군대에게 보급되었습니다.;你开凿了一万个龙晶匕首和箭头+这些武器被分配给你的盟友们;你開鑿了一萬個龍晶匕首和箭頭+這些武器被分配給你的盟友們;Ihr habt zehntausend Dolche und Pfeilspitzen aus Drachenglas abgebaut. Die Waffen werden unter Euren Verbündeten verteilt.;Вы смогли изготовить десять тысяч стрел и кинжалов из драконьего стекла, которые вы потом распределили между своими союзниками.;Grazie al lavoro nelle miniere, avete forgiato diecimila punte di freccia e pugnali di Vetro di Drago, poi distribuiti tra gli alleati.;Você obteve dez mil adagas e pontas de flechas de vidro de dragão. As armas são distribuídas entre seus aliados.
summer;Summer;;Été;Verano;夏;여름;夏日;夏日;Sommer;Лето;Estate;Verão;Twelve moons later, summer is back. The Seven Kingdoms slowly emerge from under the snow as your story becomes a legend.;;Douze lunes plus tard, l'été est de retour. Les Sept Couronnes émergent lentement de la neige et vous devenez une légende.;Doce lunas más tarde, el verano está de vuelta. Los Siete Reinos emergen lentamente a la vez que te conviertes en una leyenda.;12ヶ月たって、+夏が戻ってきた。+あなたの功績が伝説として+語り継がれていくにつれ、+七王国は雪の下から姿を見せる。;열두 달이 지난 후, 여름이 돌아왔습니다. 당신에 관한 이야기가 전설로 남을 때쯤 칠왕국은 천천히 눈 속에서 준동합니다.;十二个月后，夏天回来了+七王国缓缓从雪下现身，+你的故事也变成了传说;十二個月後，夏天回來了+七王國緩緩從雪下現身，+你的故事也變成了傳說;Zwölf Monde später kehrt der Sommer zurück. Die Sieben Königslande tauchen unter dem Schnee auf. Ihr werdet zur Legende.;Через двадцать лун вновь наступает лето. Семь Королевств стряхивают с себя снег, а ваша история становится легендой.;Venti lune dopo, l'estate ritorna. Lentamente, i Sette Regni riemergono dalla coltre di neve e la vostra storia diventa leggenda.;Doze luas depois, é verão novamente. Os Sete Reinos emergem lentamente da neve, e sua história se torna lendária.
winter;Winter;;Hiver;Invierno;冬;겨울;凛冬;凜冬;Winter;Зима;Inverno;Inverno;Winter will last a generation. When the storm rages, the result of your decisions on the <*people*> will be dramatic, and horrors will follow.;;L'hiver va durer une génération. Lorsque la tempête fait rage, vos décisions ont des conséquences dramatiques sur le <*peuple*>.;El invierno durará una generación. El efecto de tus decisiones sobre el <*pueblo*> será dramático, y los horrores continuarán.;終わらぬ冬の時だ。+雪嵐が吹き荒れる頃、+<*人々*>に下すあなたの決断は+劇的な結果となり、+その後に恐しいことが起こる。;겨울은 한 세대 동안 지속될 것입니다. 폭풍이 몰아치면, 당신이 <*백성*>들에게 내리는 결정은 극적으로 받아들여질 것이며, 공포가 뒤따를 것입니다.;凛冬将持续一代人+风暴肆虐时，+你对<*人民*>的决定都会意义重大，+并会招致恐怖;凜冬將持續一代人+風暴肆虐時，+你對<*人民*>的決定都會意義重大，+並會招致恐怖;Der Winter dauert eine Generation. Im Sturm haben Eure Entscheidungen drastische Folgen für das <*Volk*>. Schrecken werden folgen.;Зима продлится целое поколение. Вокруг вас бушуют бури, и <*народ*> внимательно следит за каждым вашим решением.;L'inverno durerà una generazione. Sotto la furia della tempesta, l'impatto delle vostre decisioni sul <*popolo*> sarà drammatico.;O inverno durará uma geração. Quando a tempestade chegar, o resultado de suas decisões será crítico para o <*povo*>, e horrores se seguirão.
noironbank;Bankruptcy;;Banqueroute;Bancarrota;破産;파산;破产;破產;Bankrott;Банкротство;Bancarotta;Falência;You've lost the support of the Iron Bank, and the resulting inflation creates a much bigger impact on your <*money*>.;;Vous avez perdu le soutien de la Banque de Fer et l'inflation qui en résulte a des conséquences désastreuses sur votre <*fortune*>.;Has perdido el apoyo del Banco de Hierro, y la inflación resultante tendrá un impacto mucho mayor en tu <*dinero*>.;鉄の銀行からの支持を+失ったことでインフレが発生し、+<*金*>の動きがかなり大きくなる。;당신은 강철은행의 지지를 잃었습니다. 그 결과로 일어난 인플레이션은 당신의 <*재정*>에 더 큰 영향을 미칩니다.;你失去了铁金库的支持，随之而来的通胀对你的<*金钱*>有着巨大的影响;你失去了鐵金庫的支持，隨之而來的通貨膨脹對你的<*金錢*>有著巨大的影響;Ihr habt die Unterstützung der Eisernen Bank verloren. Die folgende Inflation wirkt sich stark auf Euer <*Geld*> aus.;Вы утратили поддержку Железного банка и привели королевство к инфляции, а также значительным проблемам с <*деньгами*>.;Avete perso l'appoggio della Banca di Ferro e l'inflazione ha effetti molto pesanti sul <*denaro*>.;Você perdeu o apoio do Banco de Ferro, e a inflação resultante cria um impacto muito maior no seu <*dinheiro*>.
nohand;Anarchy;;Anarchie;Anarquía;無秩序;무정부;无政府状态;無政府狀態;Anarchie;Анархия;Anarchia;Anarquia;Without a Hand to support you in affairs of state, decisions surrounding your <*power*> have a greater impact.;;Sans Main pour vous aider à gérer le royaume, vos décisions ont des conséquences accrues sur votre <*pouvoir*>.;Sin una Mano que te apoye en los asuntos de Estado, las decisiones que afectan a tu <*poder*> tienen un impacto enorme.;内政を支える者がいなくなったことで、+<*権力*>に関わる決断の影響が大きくなる。;당신의 일을 도와줄 핸드가 없는 지금, <*권력*>과 관련된 결정은 더욱 더 큰 영향을 끼칠 것입니다.;没有首相支持你的治国事宜+<*权力*>相关的决定会有更大的影响;沒有首相支持你的治國事宜+<*權力*>相關的決定會有更大的影響;Ohne eine Hand, die Euch bei Staatsgeschäften unterstützt, haben Entscheidungen rund um Eure <*Macht*> stärkere Auswirkungen.;У вас нет Десницы, и потому все неудачные решения остро скажутся на вашей <*власти*>.;Senza una Mano ad aiutarvi negli affari di stato, le decisioni che il vostro <*potere*> implica hanno un impatto maggiore.;Sem um Mão para apoiar você nos assuntos do estado, as decisões relacionadas ao seu <*poder*> causam um impacto maior.
faithmilitant;Faith militant;;Foi Militante;Fe Militante;聖兵;무장교단;教会武装;教會武裝;Kriegerischer Arm des Glaubens;Святое воинство;Credo Militante;Fé militante;The resurgence of religious fanatics has led to volatility. You'll see greater impacts when making decisions that affect the <*faith*>.;;La résurgence de religieux fanatiques génère une instabilité sociale. Vos décisions ont des conséquences accrues sur la <*foi*>.;Los fanáticos religiosos han causado una gran volatilidad. Las decisiones relacionadas con la <*fe*> tendrán un mayor impacto.;狂信者たちが再浮上したことで+一触即発の危機となった。+<*信仰*>に関わる決断を下した際、+その影響が大きくなる。;종교적 광신자들의 재기는 변덕으로 이어졌습니다. <*신앙*>에 영향을 끼치는 결정을 내릴 때 더욱 더 큰 영향을 끼칩니다.;狂热的宗教信徒再度出现，导致动荡+<*教会*>相关的决定会有更大影响;狂熱的宗教信徒再度出現，導致動盪+<*教會*>相關的決定會有更大影響;Das Wiederauftauchen religiöser Fanatiker führt zu Unbeständigkeit. Entscheidungen wirken sich stärker auf den <*Glauben*> aus.;Религиозные фанатики творят на ваших улицах все, что им вздумается. Вам стоит вдумчиво относиться к вопросам <*веры*>.;Il diffondersi del fanatismo religioso ha portato instabilità e avrà un peso quando prenderete decisioni relative alla <*fede*>.;O ressurgimento de fanáticos religiosos causou instabilidade. Você verá impactos maiores ao tomar decisões que afetam a <*fé*>.
facedetect_keep;In the eyes;;Dans les yeux;A los ojos;目を見よ;두 눈을 보며;眼眸之中;眼眸之中;In die Augen;Глаза в глаза;Negli occhi;Olhos nos olhos;If you can trust someone, they'll look straight into your eyes. Beware those who cannot.;;Si vous pouvez vous fier à quelqu'un, il vous regardera droit dans les yeux. Méfiez-vous des regards fuyants...;Si alguien es digno de confianza, podrás mirarle directamente a los ojos. Cuidado con aquellos que no pueden hacerlo.;信じることができる者は、+あなたの目をまっすぐ見る。+そうせぬ者には気をつけよ。;믿을 수 있는 사람은 당신의 눈을 바로 볼 것입니다. 그러지 못한 자들을 주의하세요.;如果你相信某人，+他们也会直视你的眼睛+那些不敢直视的，要当心了;如果你相信某人，+他們也會直視你的眼睛+那些不敢直視的，要當心了;Wenn Ihr jemandem trauen könnt, blickt er Euch in die Augen. Nehmt Euch vor denen in Acht, die das nicht können.;Люди, которым нечего скрывать, будут смотреть вам в глаза. Бойтесь тех, кто прячет взгляд.;Le persone di cui potete fidarvi sono quelle che vi guardano dritto negli occhi. Diffidate di chi non lo fa.;Se você confiar em alguém, essa pessoa vai olhar direto nos seus olhos. Cuidado com aqueles que não olharem.
dreamloop;Intricate visions;;Visions fascinantes;Visiones intrincadas;難解なビジョン;복잡한 시야;错综幻象;錯綜幻象;Verschachtelte Visionen;Загадочные видения;Visioni intricate;Visões intrincadas;You lose yourself in the flames, as if you never existed, as if you are yourself another reflection. You see a huge figure looming over you.;;Vous vous perdez dans la contemplation des flammes comme si vous n'aviez jamais existé. Vous voyez une grande silhouette au-dessus de vous.;Te pierdes en las llamas, como si nunca hubieras existido, como si tú (mismo*misma) fueras otro reflejo. Ves una enorme figura que se cierne sobre ti.;まるで自分が存在しなかったかのように、+または自分は鏡像であるかのように、+炎に魅入られてしまう。+あなたを覆う、大きな人影が見える。;당신은 불길에 홀렸습니다. 마치 자신이 존재하지 않는 것처럼, 마치 자신이 다른 이의 거울에 비치는 모습인 것처럼 느껴집니다. 당신은 자신 위로 떠오르는 커다란 형태를 봅니다.;你在火焰中迷失了自己，+好像你从未存在过，+又好像你自己只不过是另一个倒影+周遭一切熊熊燃烧，+你抬起头，看到一个偌大的身影;你在火焰中迷失了自己，+好像你從未存在過，+又好像你自己只不過是另一個倒影+周遭一切熊熊燃燒，+你抬起頭，看到一個偌大的身影;Ihr verliert Euch in den Flammen, als hättet Ihr nie existiert, als wärt Ihr nur eine Spiegelung. Eine riesige Gestalt ragt über Euch auf.;Вы вглядываетесь в огонь до тех пор, пока само ваше существование не начинает казаться вам эфемерным. Вы замечаете огромную фигуру.;Vi perdete tra le fiamme, come se non esisteste o se foste un riflesso. Vedete un'immensa figura che incombe su di voi.;Você se perde nas chamas, como se você não fosse real, apenas outro reflexo. Uma figura imensa se assoma sobre você.