id;en;tu;fr;es;jp;ko;sc;tc;de;ru;it;bp;
kings;KINGS;KRALLAR;ROIS;REYES;KINGS;왕;国王;國王;KÔNIGE;КОРОЛИ;RE;REIS;
queens;QUEENS;KRALİÇELER;REINES;REINAS;QUEENS;여왕;王后;王后;KÔNIGINNEN;КОРОЛЕВЫ;REGINE;RAINHAS;
yellow;YELLOW;SARI;JAUNE;AMARILLO;黄;노랑;黄色;黃色;GELB;ЖЕЛТЫЙ;GIALLO;AMARELO;
blue;BLUE;MAVİ;BLEU;AZUL;青;푸른;蓝色;藍色;藍色;СИНИЙ;BLU;AZUL;
action_confirm;CONFIRM;ONAYLA;CONFIRMER;CONFIRMAR;決定;결정;确认;確認;BESTÂTIGEN;ПОДТВЕРДИТЬ;CONFERMA;CONFIRMAR;
action_returnmenu;Return to main menu;Ana menüye dön;Retour au menu principal;Volver al menú principal;メインメニューへ戻る;메인 메뉴로 돌아간다;回到主菜单;回到主菜單;Zurück ins Hauptmenü;В главное меню;Torna al menu principale;Voltar ao menu principal;
action_controllers;Configure controllers;Kumandaları yapılandır;Configuration manettes;Configurar mandos;コントローラーの設定;컨트롤러 설정;设置手柄;設定手柄;Controller konfigurieren;Настройка управления;Configura controller;Configurar controles;
action_effects;INVENTORY;ENVANTER;INVENTAIRE;INVENTARIO;インベントリ;인벤토리;库存;庫存;INVENTAR;ИНВЕНТАРЬ;INVENTARIO;INVENTÁRIO;
action_one;ONE PLAYER MODE;TEK OYUNCU MODU;MODE 1 JOUEUR;MODO 1 JUGADOR;1 PLAYER MODE;1인 모드;单人模式;單人模式;1 SPIELER;ОДИНОЧНЫЙ РЕЖИМ;MODALITÀ A UN GIOCATORE;UM JOGADOR;
action_two;TWO PLAYER MODE;İKİ OYUNCU MODU;MODE 2 JOUEURS;MODO 2 JUGADORES;2 PLAYER MODE;2인 모드;双人模式;雙人模式;2 SPIELER;ДВА ИГРОКА;MODALITÀ A DUE GIOCATORI;DOIS JOGADORES;
action_main;MAIN MENU;ANA MENÜ;MENU PRINCIPAL;;メインメニュー;메인 메뉴;主菜单;主菜單;HAUPTMENÛ;ГЛАВНОЕ МЕНЮ;MENU PRINCIPALE;MENU PRINCIPAL;
num;st;.;er;era;第;대 여왕;第;第;.;-я;°;ª;null
;nd;.;e;ª;代女王;대 여왕;代王后;代王后;.;-я;°;ª;
;rd;.;e;era;;대 여왕;;;.;-я;°;ª;
;th;.;e;ª;;대 여왕;;;.;-я;°;ª;
building;BUILDING THE PALACE;SARAY İNŞA EDİLİYOR;CONSTRUCTION DU CHÂTEAU;CONSTRUYENDO EL CASTILLO;城を建設中;성 건설 중;建造城堡中;建造城堡中;PALAST ERRICHTEN;СТРОИМ ЗАМОК;COSTRUZIONE DEL CASTELLO;CONSTRUINDO O PALÁCIO;
updating;WRITING THE CARDS;KARTLAR YAZILIYOR;ÉCRITURE DES CARTES;ESCRIBIENDO CARTAS;カードを執筆中;카드 작성 중;撰写卡牌中;撰寫卡牌中;KARTEN BESCHREIBEN;ПИШЕМ КАРТЫ;SCRITTURA DELLE CARTE;ESCREVENDO AS CARTAS;
nomemory;Fading memory of another dimension;Başka bir boyutun solan hatırası;Souvenir perdu d'une autre dimension;Recuerdo perdido de otra vida;別の次元の遠い記憶;다른 차원의 불확실한 기억;有关另一个时空的回忆+在逐步消逝;有關另一個時空的回憶+在逐步消逝;Die verblassende Erinnerung an eine andere Dimension;Исчезающие воспоминания о другом измерении;Ricordo sbiadito di un'altra dimensione;Lembrança efêmera de outra dimensão;
slowly1;Take a breath!;Nefes al!;Respirez !;¡Respira!;落ち着いて！;진정하십시오!;深呼吸！;深呼吸！;Immer mit der Ruhe!;Вдохните!;Respira!;Respire!;
slowly2;Swipe sloooowly to see your answers and their consequences for the Kingdom.;Cevaplarını ve Krallık için sonuçlarını görmek için yavaaaşça kaydır.;Balayez leeeeentement pour voir les réponses et leurs conséquences sur le royaume.;Desliza leeeentamente para ver las respuestas y sus consecuencias en el reino.;ゆ～～っくりスワイプして答えを確認し、+王国の行く末を定めよ。;천~~~천히 좌우로 움직여 대답을 확인하고 왕국의 운명을 결정하십시오.;慢慢地划动卡牌+来查看你的回答+会对王国造成的影响;慢慢地滑動卡牌+來查看你的回答+會對王國造成什麼樣的影響;Wischt laaaangsam, um Eure Antworten und deren Folgen für das Königreich zu sehen.;Ме-е-е-едленно смахните, чтобы увидеть ответы и их влияние на королевство.;Fai scorrere leeentamente per vedere le tue risposte e le loro conseguenze per il Regno.;Deslize beeeem devagar para ver as respostas e suas respectivas consequências no reino.;
action_reset;NEW GAME;YENİ OYUN;RECOMMENCER;NUEVA PARTIDA;NEW GAME;새 게임;新游戏;新遊戲;NEUES SPIEL;НОВАЯ ИГРА;NUOVA PARTITA;NOVO JOGO;
action_next;NEXT;SIRADAKİ;CONTINUER;CONTINUAR;NEXT;다음;继续;繼續;FORTFAHREN;ДАЛЕЕ;AVANTI;AVANÇAR;
action_controller;PRESS;TIKLA;APPUYER;PULSAR;をプッシュ;누르기;长按;長按;DRÜCKEN;НАЖМИТЕ;PREMI;APERTE;
action_leap;CLAP!;EL ÇIRP!;APPLAUDIR !;¡APLAUDIR!;手をたたけ！;박수!;拍手！;拍手！;APPLAUS!;ХЛОПНИТЕ!;APPLAUDI!;APLAUDIR!;
action_mouse;NEXT;SIRADAKİ;CONTINUER;SIGUIENTE;NEXT;다음;继续;繼續;FORTFAHREN;ДАЛЕЕ;AVANTI;AVANÇAR;
action_select;SELECT;SEÇ;CHOISIR;ELEGIR;SELECT;선택;选择;選擇;WÄHLEN;ВЫБРАТЬ;SELEZIONA;SELEC.;
action_menu;MENU;MENÜ;MENU;MENÚ;MENU;메뉴;菜单;選單;MENÜ;МЕНЮ;MENU;MENU;
yearsold;year|years;yıl|yıl;an|ans;años;歳;세|세;年|年;年|年;Jahr|Jahre;год|года|лет;anno|anni;ano|anos;
yourcourt;Your court;Sarayın;Votre cour;¡Vuestra corte;お帰りなさい、;왕좌에 오르소서,;您的臣下;您的臣下;Euer Hof;Ваш двор;La vostra corte;A corte está à;
awaits;awaits!;bekliyor!;attend !;espera!;女王陛下！;여왕 폐하!;谨遵懿旨！;謹遵懿旨！;wartet!;ожидает!;attende!;espera!;
yes;Yes;Evet;Oui;Sí;はい;그래;（点头）;（點頭）;Ja;Да;Sì;Sim;
no;No;Hayır;Non;No;いいえ;아니된다;（摇头）;（搖頭）;Nein;Нет;No;Não;
ends;ends found;bulunan sonlar;fins trouvées;fin encontrado;:発見したエンディング;엔딩 수;不同的死法;不同的死法;Enden entdeckt;— найдено концовок;finali trovati;finais encontrados;
newcards;NEW CARDS!;YENİ KARTLAR!;NOUVELLES CARTES !;¡CARTAS NUEVAS!;新カード発見！;새 카드 발견!;新卡牌！;新卡牌！;NEUE KARTEN!;НОВЫЕ КАРТЫ!;NUOVE CARTE!;NOVAS CARTAS!;
options;OPTIONS;SEÇENEKLER;OPTIONS;OPCIONES;OPTION;옵션;选项;選項;OPTIONEN;НАСТРОЙКИ;OPZIONI;OPÇÕES;
action_back;BACK;GERİ;RETOUR;ATRÁS;BACK;뒤로;返回;返回;ZURÜCK;НАЗАД;INDIETRO;VOLTAR;
sfx_volume;SFX Volume;SFX Sesi;Volume sons;Volumen sonido;SE音量;효과음;音效音量;音效音量;Lautstärke Effekte;Громкость звуков;Volume effetti;Volume de sons;
togglevo;Voice-over characters;Karakter seslendirme;Voix personnages;Voz personajes;キャラクターボイス;캐릭터 음성;角色语音;角色語音;Vertonte Charaktere;Голоса персонажей;Voce personaggi;Personagens dublados;
music_volume;Music Volume;Müzik Sesi;Volume musique;Volumen música;BGM音量;배경음;音乐音量;音樂音量;Lautstärke Musik;Громкость музыки;Volume musica;Volume de música;
language;Language;Dil;Langue;Idioma;言語;언어;语言;語言;Sprache;Язык;Lingua;Idioma;
resolution;Screen resolution;Ekran çözünürlüğü;Résolution écran;Resolución pantalla;画面解像度;화면 해상도;分辨率;解析度;Bildschirmauflösung;Разрешение экрана;Risoluzione schermo;Resolução de tela;
togglewin;Full screen;Tam ekran;Plein écran;Pantalla completa;フルスクリーン;전체화면;全屏;全螢幕;Vollbild;Полный экран;Schermo intero;Tela cheia;
apply;APPLY;UYGULA;APPLIQUER;APLICAR;適用;적용;应用;應用;ANWENDEN;ПРИНЯТЬ;APPLICA;APLICAR;
link1;MORE REIGNS!;DAHA FAZLA REIGNS;PLUS DE REIGNS ! ET D'AMOUR !;¡MÁS REIGNS! ¡Y MÁS AMOR!;「REIGNS」WEBサイトへ;"REIGNS" 웹사이트 방문;REIGNS 官网信息;REIGNS 官網資訊;MEHR REIGNS!;БОЛЬШЕ ПРАВЛЕНИЯ!;PIÙ REGNI!;MAIS REIGNS!;
start;START;BAŞLATIN;START;EMPEZAR;START;시작;开始;開始;START;НАЧАТЬ;INIZIA;INICIAR;
swipe;SWIPE;KAYDIR;BALAYEZ;APLAUDIR;スワイプ;스와이프;划动;滑動;WISCHEN;СМАХНИТЕ;FAI SCORRERE;DESLIZAR;
gameover;THE END;SON;FIN;FIN;THE END;끝;剧终;劇終;ENDE;КОНЕЦ;FINE;O FIM;
resetall_label;Game data seems to be corrupted. Reset everything?;Oyun verileri bozulmuş görünüyor. Her şey sıfırlansın mı?;Les données de jeu semblent corrompues. Réinitialiser ?;Los datos del juego parecen corrompidos. ¿Reiniciar?;ゲームのデータが破損しています。リセットしますか？;게임 데이터가 손상되었습니다. 리셋하시겠습니까?;疑似游戏数据损毁+是否全部重置？;遊戲資料似已損毀+是否全部重啟？;Spieldaten scheinen beschädigt zu sein. Alles zurücksetzen?;Похоже, игровые данные повреждены. Сбросить?;I dati di gioco sembrano essere danneggiati. Vuoi reimpostarli?;Os dados de jogo parecem estar corrompidos. Apagar tudo?;
reset_label;Do you want to reset the game?;Oyunu sıfırlamak ister misin?;Voulez-vous réinitialiser le jeu ?;¿Quieres reiniciar el juego otra vez?;ゲームをリセットしますか？;게임을 리셋하시겠습니까?;您确定要重置游戏吗？;您確定要重啟遊戲嗎？;Spiel zurücksetzen?;Сбросить игровой прогресс?;Vuoi reimpostare il gioco?;Deseja reiniciar o jogo?;
reset;RESET;SIFIRLA;RÉINITIALISER;REINICIAR;リセット;리셋;重置;重啟;ZURÜCKSETZEN;СБРОСИТЬ;REIMPOSTA;REINICIAR;
quit_label;Do you want to quit the game?;Oyundan çıkmak istiyor musun?;Voulez-vous quitter le jeu ?;¿Quieres abandonar el juego?;ゲームを終了しますか？;게임을 종료하시겠습니까?;您确定要退出游戏吗？;您確定要退出遊戲嗎？;Spiel beenden?;Выйти из игры?;Vuoi uscire dal gioco?;Deseja sair do jogo?;
quit;QUIT;ÇIK;QUITTER;SALIR;ゲームを終了;종료;退出;退出;BEENDEN;ВЫЙТИ;ESCI;SAIR;
cancel;CANCEL;İPTAL;ANNULER;CANCELAR;キャンセル;취소;取消;取消;ABBRECHEN;ОТМЕНИТЬ;ANNULLA;CANCELAR;
agameby;A game by;Oyunu;Un jeu de;Un juego de;MADE BY;제작자:;本游戏由;本遊戲由;Ein Spiel von;Игра;Un gioco di;Um jogo de;
devby;Game Dev;Oyun Geliş.;;Desarrollador;開発;개발;开发者;開發者;Entwicklung;Разработка;Sviluppo;Desenv.;
artby;Art;Sanat;Graphismes;Arte;アート;아트;美术;美術;Grafik;Арт;Grafica;Arte;
musicby;Audio direction;Ses yönü;Direction audio;Dirección de sonido;オーディオ ディレクション;오디오 디렉션;音效指导;音效指導;Audio-Regie;Звукорежиссура;Direzione audio;Direção de áudio;
musicby2;Music;Müzik;Musique;Música;音楽;음악;音乐;音樂;Musik;Музыка;Musica;Música;
sfxby;Sound design;Ses tasarımı;Design sons;Diseño de sonido;サウンド デザイン;사운드 디자인;音效设计;音效設計;Sound-Design;Звуковое оформление;Progettazione audio;Design de áudio;
thanks;Thanks to;Özel teşekkürler...;Un grand merci à...;Agradecimientos especiales para...;SPECIAL THANKS:;고마운 분들...;特别鸣谢:;特別鳴謝:;Besonderen Dank an …;Особая благодарность…;Un ringraziamento speciale a...;Agradecimentos especiais a...;
thanks2;Thanks to;Ve teşekkürler...;Et aussi à...;Y también para...;AND THANKS:;다시 고마운 분들...;还要感谢:;還要感謝:;Danke auch an …;И спасибо…;Grazie anche a...;E agradecimentos a...;
kingdom_update;KINGDOM UPDATE;KRALLIK GÜNCELLEMESİ;MISE À JOUR ROYAUME;ACTUALIZACIÓN DEL REINO;王国アップデート;왕국 업데이트;王国情报更新;王國情報更新;KÖNIGREICH-UPDATE;ОБНОВЛЕНИЕ КОРОЛЕВСТВА;AGGIORNAMENTO REGNO;ATUALIZAÇÃO DE REINO;
;NEW CARDS!;YENİ KARTLAR!;NOUVELLES CARTES !;¡CARTAS NUEVAS!;新カード発見！;새 카드 발견!;新卡牌！;新卡牌！;NEUE KARTEN!;НОВЫЕ КАРТЫ!;NUOVE CARTE!;NOVAS CARTAS!;
kingdom_stats;KINGDOM;KRALLIK;ROYAUME;REINO;王国;왕국;王国;王國;KÖNIGREICH;КОРОЛЕВСТВО;REGNO;REINO;
objective_stats;Royal deeds;Kraliyet başarıları;Faits de la Reine;Hechos reales;功績;공적;皇室称号;皇室稱號;Taten der Königin;Королевские дела;Azioni reali;Façanhas reais;
;objectives fulfilled;tamamlanan hedefler;objectifs remplis;objetivos conseguidos;: 達成した目標;달성한 목표;个目标已达成;個目標已被達成;erfüllte Ziele;выполнено целей;obiettivi raggiunti;objetivos concluídos;
endcard_stats;Memento mori;Memento mori;;;歴代女王の最期;역대 여왕의 최후;凡人终死;凡人終死;Memento mori;Memento mori;Memento mori;Memento mori;
;deaths suffered;yaşanan ölümler;morts éprouvées;muertes sufridas;: 体験した最期;체험한 최후;种死法已体验;種死法已體驗;erlittene Tode;смертей;morti subite;mortes sofridas;
character_stats;Portrait gallery;Portre galerisi;Portraits;Retratos;ポートレートギャラリー;초상화 갤러리;肖像画廊;肖像畫廊;Porträt-Galerie;Галерея портретов;Galleria ritratti;Galeria de retratos;
;characters met;karşılaşılan karakterler;personnages rencontrés;personajes encontrados;: 出会ったキャラクター;만난 캐릭터;名角色已相遇;名角色已相遇;getroffene Charaktere;встречено персонажей;personaggi incontrati;personagens encontrados;
card_stats;null;hiç;;nulo;null;null;null;null;null;нет;null;null;
;cards discovered;keşfedilen kartlar;cartes découvertes;cartas descubiertas;: 発見したカード;발견한 카드;张卡片已发现;張卡片已發現;entdeckte Karten;открыто карт;carte scoperte;cartas descobertas;
highscore_stats;HIGH SCORE;YÜKSEK SKOR;;;HIGH SCORE;최고 득점;高分榜;高分榜;HIGHSCORE;ЛУЧШИЙ СЧЕТ;PUNTEGGI;RECORDE;
year_in_power;year in power|years in power;hükmedilen yıl|hükmedilen yıl;an au pouvoir|ans au pouvoir;año al poder|años al poder;在位|年;년 재위|년 재위;在位|年;在位|年;Jahr an der Macht|Jahre an der Macht;год у власти|года у власти|лет у власти;anno al potere|anni al potere;ano no poder|anos no poder;
highscore_label;NEW HIGH SCORE!;YENİ YÜKSEK SKOR!;NOUVEAU HIGH SCORE !;¡NUEVO SCORE!;NEW HIGH SCORE！;신규 최고 득점!;新高分！;新高分！;NEUER HIGHSCORE!;НОВЫЙ РЕКОРД!;NUOVO PUNTEGGIO MIGLIORE!;NOVO RECORDE!;
;STILL ALIVE!;HALA HAYATTA!;ENCORE VIVANTE !;¡AÚN CON VIDA!;存命！;아직 생존!;依然存活！;依然活著！;NOCH AM LEBEN!;ЕЩЕ ЖИВЕМ!;ANCORA IN VITA!;AINDA VIVA!;
noeffect;You have neither curse, nor spell, nor magical item, nor special event.;Ne lanet, ne büyü, ne sihirli eşya, ne de özel etkinliğin var.;Vous n'avez ni malédiction, ni sort, ni objet magique, ni événement spécial.;No tienes ni maldición ni objeto mágico ni evento especial.;国政に影響を及ぼす呪い、魔法、特殊行事は発生していません。;국정에 영향을 미치는 저주, 마법 아이템, 특수 이벤트가 없습니다.;你既没诅咒，也没法术、法器+或遭遇特殊事件;你既未遭受詛咒，也無法術法器+或遭遇特殊事件;Kein Fluch oder Zauber, kein magischer Gegenstand, kein besonderes Ereignis.;У вас нет ни проклятья, ни заклятья, ни магического предмета, ни особого события.;Non hai maledizioni, incantesimi, oggetti magici o eventi speciali.;Você não tem maldição, feitiço, item mágico nem evento especial.;
nothing;Nothing;Hiçbir şey;Rien;Nada;なし;없음;啥都没有;無事件;Nichts;Ничего;Niente;Nada;
portrait;Portrait mode;Portre modu;Mode portrait;Modo retrato;ポートレートモード;세로 모드;竖屏模式;直屏模式;Porträt-Modus;Портретный режим;Modalità ritratto;Modo retrato;
achieve;Achievements;Başarılar;Succès;Logros;実績;도전과제;成就;成就;Errungenschaften;Достижения;Obiettivi;Conquistas;
saving;Cloud Save;Bulut Kaydı;Sauvegardes;Juegos guardados;クラウドセーブ;클라우드 저장;云端存储;雲端存儲;Cloud-Spielstand;Облачное сохранение;Partite salvate;Gravação na nuvem;
highscore;Leaderboard;Lider Tablosu;Scores;Puntuación;ランキング;리더보드;排行榜;排行榜;Rangliste;Рейтинг;Punteggio;Placar de líderes;
title;Her Majesty;Majesteleri;Sa Majesté;Su Majestad;Her Majesty;여왕 폐하;王后陛下;王后陛下;Ihre Majestät;Ее величество;Sua Maestà;Sua Majestade;
subtitle;Swipe and be the Queen;Kaydır ve Kraliçe ol;Balayez à gauche, à droite, vous êtes la Reine;Desliza el dedo y sé la Reina.;スワイプして女王になろう;밀어서 여왕이 되십시오;划动卡牌，成为王后;滑動卡牌，成為王后;Die wischende Königin;Смахните и станьте королевой;Fai scorrere e diventa la Regina;Deslize para ser a rainha;
getitnow;Get it now;Şimdi al;Acheter;Píllalo ya;今すぐ入手;지금 시작하세요;现在获取;現在獲取;Jetzt holen;Получить сейчас;Ottieni subito;Obtenha agora;
watchtrailer;Watch a trailer;Trailer izle;Regarder une bande-annonce;Ver el trailer;トレーラーを見る;트레일러 보기;观看预告片;欣賞預告片;Trailer ansehen;Просмотреть трейлер;Guarda un trailer;Veja um trailer;
antagonizing;CONCOCTING THE PROPHECY;KEHANET HAZIRLANIYOR;PRÉPARATION DE LA PROPHÉTIE;ELABORANDO LA PROFECÍA;預言を作成中;예언을 날조하는 중;撰写预言书;醞釀預言中;PROPHEZEIUNG ZUSAMMENBRAUEN;СОСТАВЛЯЕМ ПРОРОЧЕСТВО;CREAZIONE DELLA PROFEZIA;ENGENDRANDO A PROFECIA;
step;<i>Take a step</i>;<i>Bir adım at</i>;<i>Avancer d'un pas</i>;<i>Da un paso</i>;<i>一歩前へ</i>;<i>조취를 취하라</i>;<i>采取措施</i>;<i>採取行動</i>;<i>Einen Schritt vortreten</i>;<i>Сделайте шаг</i>;<i>Fai un passo</i>;<i>Dar um passo</i>;
attack;<i>Fire!</i>;<i>Ateş!</i>;<i>Feu !</i>;<i>¡Fuego!</i>;<i>撃つ！</i>;<i>발사!</i>;<i>开火！</i>;<i>開火！</i>;<i>Schießen!</i>;<i>Огонь!</i>;<i>Fuoco!</i>;<i>Fogo!</i>;
the;The; ;La;La;; ;;;Die;Наша;La;A;
queen;Queen;Kraliçe;Reine;Reina; ;여왕 폐하;王后;王后;Königin;Королева;Regina;rainha;
isdead;is dead;ölü;est morte.;ha muerto;現女王が崩御！;께서 사망하셨습니다;驾崩;駕崩;ist tot;умерла;è morta;está morta;
isgone;is gone;gitti;est partie.;se ha ido;現女王が崩御！;께서 돌아가셨습니다;离我们而去;離我們而去;ist fort;скончалась;se n'è andata;se foi;
longlive;Long live the;Çok yaşa;Longue vie à la;Viva la;新女王が即位！;영원하시옵소서;万岁！我们的;萬歲！我們的;Lang lebe die;Да здравствует;Viva la;Longa vida à;
games;Queen in the dynasty;Hanedandaki Kraliçe;Reine et à la dynastie.;Reina de la dinastía;王朝第|代女王;왕조의 여왕 폐하;王后殿下;王后殿下;Königin der Dynastie;Королева из династии;Regina della dinastia;rainha na dinastia;
queen_names;Emily;Emily;Valérie;Emilia;エミリー;에밀리;埃米莉;艾蜜莉;Emilia;Эмили;Emilia;Emília;
;Rachel;Rachel;Rachel;Raquel;レイチェル;레이첼;瑞秋;瑞秋;Rachel;Рейчел;Rachele;Raquel;
;Meghna;Meghna;Meghna;Megan;メグナ;메그나;梅克娜;梅克娜;Meghna;Мегна;;Meghna;
;Patience;Patience;Patience;Paciencia;ペイシェンス;페이션스;佩珊斯;佩珊斯;Therese;Пейшенс;Costanza;Paciência;
;Ellen;Ellen;Sophie;Elena;エレン;엘렌;爱伦;愛倫;Helena;Эллен;Elena;Helena;
;Ann;Ann;Maria;Ana;アン;앤;安;安;Anna;Энн;Anna;Ana;
;Victoire;Victoire;Victoire;Victoria;ヴィクトリア;빅투아르;维多利;維多利;Viktoria;Виктория;Vittoria;Vitória;
;Ella;Ella;Diane;Pepa;エラ;엘라;艾拉;艾拉;Katharina;Элла;Eleonora;Ella;
;Julia;Julia;Julia;Julia;ジュリア;줄리아;茱莉亚;茱莉亞;Julia;Джулия;Giulia;Júlia;
;Mercedes;Mercedes;Mercedes;Mercedes;メルセデス;메르세데스;默西迪丝;默西迪絲;Mercedes;Мерседес;Mercede;Mercedes;
;Elizabeth;Elizabeth;Charlène;Isabel;エリザベス;엘리자베스;伊丽莎白;伊莉莎白;Elisabeth;Елизавета;Elisabetta;Elizabeth;
;Roxane;Roxane;Roxane;Rosana;ロクサーヌ;록산느;罗克珊;洛葛仙妮;Roxane;Роксана;Rossana;Roxane;
;Ashima;Ashima;Margot;Azucena;アシマ;아쉬마;阿诗玛;阿詩瑪;Ashima;Ашима;;Ashima;
;Paulette;Paulette;Paulette;Paula;ポーレット;팔레뜨;波莱特;波萊特;Carla;Полетт;Paolina;Paulette;
;Ijeoma;Ijeoma;Constance;Yleana;イジェオマ;아이조마;婕欧玛;婕歐瑪;Ijeoma;Иджеома;;Ijeoma;
;Alejandra;Alejandra;Félicie;Alejandra;アレハンドラ;알레잔드라;亚丽珍达;亞麗珍達;Alexandra;Алехандра;Alessandra;Alexandra;
;Latoya;Latoya;Latoya;Latoya;ラトーヤ;라토야;拉托雅;拉托雅;Sophie;Латойя;;Latoya;
;Mikki;Mikki;Mikki;Mikaela;ミッキ;미키;米琪;米琪;Mikki;Микки;Michelina;Mikki;
;Amelie;Amelie;Blanche;Amelia;アメリア;아멜리;艾美丽;艾蜜莉;Amelie;Амели;Amelia;Amélia;
;Tanya;Tanya;Tanya;Tania;ターニャ;타냐;塔尼娅;譚雅;Tanja;Таня;Tania;Tânia;
;Beatrice;Beatrice;Béatrice;Beatriz;ベアトリス;베아트리스;碧儿翠丝;碧兒翠絲;Beate;Беатриса;Beatrice;Beatriz;
;Graciela;Graciela;Graciela;Graciela;グラシエラ;그라시엘라;格雷西拉;格雷西拉;Graciella;Грасьела;Graziella;Graciela;
;Esme;Esme;Thalia;Esmeralda;エスメ;에쉼;艾丝梅;艾絲梅;Esme;Эсме;Esmeralda;Esme;
;Calista;Calista;Calista;Calista;カリスタ;칼리스타;卡莉斯达;卡莉斯達;Calista;Калиста;;Calista;
;Desdemona;Desdemona;Desdémone;Desdémona;デスデモーナ;데스데모나;苔丝狄蒙娜;苔絲狄蒙娜;Desdemona;Дездемона;;Desdemona;
;Willa;Willa;Willa;Guillerma;ウィラ;윌라;薇拉;薇拉;Willa;Вилла;Vilma;Willa;
;Mariel;Mariel;Marielle;Mariela;マリエル;마리엘;玛莉尔;瑪莉爾;Mariel;Мариэль;Mariella;Mariel;
;Christine;Christine;Christine;Cristina;クリスティン;크리스틴;克莉斯汀;克莉斯汀;Christine;Кристина;Cristina;Cristina;
;Cassandra;Cassandra;Cassandra;Casandra;カサンドラ;카산드라;卡桑德拉;卡珊德拉;Cassandra;Кассандра;Cassandra;Cassandra;
;Laralyn;Laralyn;Laralyn;Laurencia;ララリン;라라린;拉瑞林;拉瑞林;Laralyn;Ларалин;;Laralyn;
;Chelsea;Chelsea;Chelsea;Charo;チェルシー;첼시아;雀儿喜;雀兒喜;Friederike;Челси;;Chelsea;
;Tamara;Tamara;Tamara;Tamara;タマラ;타마라;塔玛拉;塔瑪拉;Tamara;Тамара;;Tamara;
;Brenda;Brenda;Brenda;Brenda;ブレンダ;브렌다;布兰达;布蘭妲;Brenda;Бренда;;Brenda;
;Elise;Elise;Thérèse;Elisa;エリス;엘리제;埃莉斯;伊莉絲;Elise;Элиза;Elisa;Elisa;
;Laura;Laura;Laura;Laura;ローラ;로라;劳拉;蘿拉;Laura;Лора;;Laura;
;Sarah;Sarah;Sarah;Sara;サラ;사라;萨拉;莎拉;Sarah;Сара;Sara;Sara;
;Iris;Iris;Pénélope;Penélope;アイリス;아이리스;艾瑞斯;艾利絲;Iris;Айрис;Iris;Íris;
;Edwina;Edwina;Palmina;Eduardina;エドウィナ;에드위나;埃德温娜;愛德溫娜;Auguste;Эдвина;Edvina;Edwina;
comtesse_generic;The Comtesse;Kontes;La Comtesse;La Condesa;伯爵夫人;백작부인;伯爵夫人;伯爵夫人;Die Gräfin;Графиня;La Contessa;A Condessa;
comtesse;Comtesse <...>;Kontes <...>;Comtesse <...>;Condesa <...>;<...>伯爵夫人;<...> 백작부인;<...>伯爵夫人;<...>伯爵夫人;Gräfin <...>;Графиня <...>;Contessa <...>;Condessa <...>;
;Joan;Joan;Joan;Juana;ジョアン;조안;乔娜;瓊;Johanna;Иоанна;Giovanna;Joana;
;Vivian;Vivian;Viviane;Viviana;ヴィヴィアン;비비안;薇薇安;薇薇安;Wilhelmine;Вивьен;Viviana;Viviana;
;Filisia;Filisia;Filisia;Felisa;フィリシア;필리시아;芙莉西亚;費利西婭;Angela;Фелисия;Felicita;Filisia;
;Marguerite;Marguerite;Marguerite;Margarita;マーガレット;마가레트;玛格丽特;瑪格麗特;Margerite;Маргарита;Margherita;Margarida;
;Laurentia;Laurentia;Laurentia;Laurencia;ローレンティナ;로렌시아;劳伦希娅;勞倫希婭;Laurentia;Лаурентия;Lorenza;Laurência;
;Lucy;Lucy;Lucie;Lucía;ルーシー;루시;露西;露西;Lucia;Люсия;Lucia;Lúcia;
archbishop_generic;Cardinal;Kardinal;Cardinal;Cardenal;枢機卿;추기경;红衣主教;紅衣主教;Kardinal;Кардинал;Cardinale;Cardeal;
archbishop;Cardinal <last_names>;Kardinal <last_names>;Cardinal <last_names>;Cardenal <last_names>;<last_names>枢機卿;<last_names> 추기경;红衣主教<last_names>;紅衣主教<last_names>;Kardinal <last_names>;Кардинал <last_names>;Cardinale <last_names>;Cardeal <last_names>;
fox;<...>;<...>;<...>;<...>;<...>;<...>;<...>;<...>;<...>;<...>;<...>;<...>;
;Sakuya;Sakuya;Sakuya;Sacude;サクヤ;사쿠야;咲耶;咲耶;Sakuya;Сакуя;;Sakuya;
;Piaw;Piaw;Piau;Pío;ピャウ;퍄오;小朴;小樸;Piaw;Пиав;Pio pio;Piaw;
;Pipin;Pipin;Pipin;Pimpín;ピピン;피핀;皮篷;皮篷;Pipin;Пипин;Pipin;Pipin;
fox_generic;The Fox;Tilki;Le Renard;El Zorro;キツネ;여우;狐狸;狐狸;Der Fuchs;Лис;La Volpe;A Raposa;
mother;All-Mother;Yüce Ana;Mère Toute-Puissante;Madre de Todo;万物の母;만물의 어머니;万物之母;萬物之母;Allmutter;Мать всего сущего;Onnimadre;Mãe Suprema;
mother_generic;The All-Mother;Yüce Ana;La Mère Toute-Puissante;La Madre de Todo;万物の母;만물의 어머니;万物之母;萬物之母;Die Allmutter;Мать всего сущего;L'Onnimadre;A Mãe Suprema;
handmaid2;Duchess <...>;Düşes <...>;Duchesse <...>;Duquesa <...>;<...>公爵夫人;<...> 공작부인;<...>公爵夫人;<...>公爵夫人;Herzogin <...>;Герцогиня <...>;Duchessa <...>;Duquesa <...>;
;Eris;Eris;Françoise;Francisca;エリス;에리스;尔里斯;尔里斯;Hildegard;Эрис;;Éris;
;Diana;Diana;Diana;Diana;ダイアナ;다이애나;戴安娜;戴安娜;Diana;Диана;;Diana;
;Rose;Rose;Rose;Rosa;ローズ;로즈;萝丝;蘿絲;Rose;Роуз;Rosa;Rosa;
;Orla;Orla;Bella;Bella;オーラ;오를라;欧拉;歐拉;Orla;Орла;Orsola;Orla;
;Lena;Lena;Léna;Lena;レナ;레나;莉娜;莉娜;Lena;Лена;Maddalena;Lena;
handmaid2_generic;The Courtesan;Cariye;La Dame de compagnie;La Cortesana;貴婦人;창녀;歌妓;歌妓;Die Kurtisane;Куртизанка;La Cortigiana;A Cortesã;
doctor;Mistress <...>;Doktor <...>;Apothicaire <...>;Doctora <...>;<...>医師;<...> 여사;<...>女士;<...>女士;Meisterin <...>;Госпожа <...>;Dottoressa <...>;Doutora <...>;
;Pleiades;Pleiades;Pléiades;Pléyades;プレアデス;플레아데스;普勒阿德丝;普勒阿德絲;Plejade;Плеяда;Pleiadi;Plêiades;
;Mnemonia;Mnemonia;Mnémonia;Mnemonia;ニモニック;므네모니아;尼莫尼娅;尼莫尼娅;Mnemonia;Мнемония;;Mnemônia;
;Hymnia;Hymnia;Hymnia;Hymnia;ヒムニア;힘니아;海摩尼娅;海摩尼娅;Hymnia;Гимния;Imnia;Hímnia;
;Asclepia;Asclepia;Zélinda;Asclepia;アスクレピア;아스클레피아;阿斯克勒庇娅;阿斯克勒庇娅;Asklepia;Асклепия;;Asclépia;
;Coagula;Coagula;Coagula;Coágula;コアギュラ;코아굴라;柯姑拉;柯姑拉;Coagula;Коагула;;Coágula;
;Ferrarius;Ferrarius;Ferrarius;Ferrarius;フェラリウス;페르아뤼스;芙拉丽思;芙拉麗思;Ferrarius;Феррария;;Ferrarius;
;Posadas;Posadas;Posadas;Posadas;ポサーダス;포사다스;波萨达斯;波薩達斯;Posadas;Посада;;Posadas;
doctor_generic;The Doctor;Doktor;L'Apothicaire;La Doctora;医師;의사;医生;醫生;Die Doktorin;Врачевательница;La Dottoressa;A Médica;
owl;Duel Master;Düello Efendisi;Maîtresse de duel;Maestro de Duelo;決闘場の主;결투사;决斗大师;決鬥大師;Duellmeister;Распорядитель дуэлей;Maestro dei duelli;Mestre dos Duelos;
owl_generic;The Owl;Baykuş;La Chouette;El Búho;フクロウ;부엉이;猫头鹰;貓頭鷹;Die Eule;Сова;Il Gufo;A Coruja;
king;King <male_names>;Kral <male_names>;Roi <male_names>;Rey <male_names>;<male_names>王;<male_names> 왕;国王<male_names>;國王<male_names>;König <male_names>;Король <male_names>;Re <male_names>;Rei <male_names>;
king_generic;The King;Kral;Le Roi;El Rey;王;왕;国王;國王;Der König;Король;Il Re;O Rei;
snake;<...>;<...>;<...>;<...>;<...>;<...>;<...>;<...>;<...>;<...>;<...>;<...>;
;Bloodraynius;Bloodraynius;Bloodraynius;Sanguijuelo;ブラッドレイニウス;블러드레이너스;血之钳;血之鉗;Bloodraynius;Кровоток;Succhiasanguus;Bloodraynius;
;Darkoman;Darkoman;Darkoman;Oscurecio;ダークオマーン;다코만;暗之子;暗之子;Darkoman;Темнопут;Oscuruomo;Darkoman;
;Gratsby;Gratsby;Gratsby;Granpedo;グラッツビー;그라츠비;盖世宝;蓋世寶;Gratsby;Грейтсби;;Gratsby;
snake_generic;The Snake;Yılan;Le Serpent;La Serpiente;ヘビ;뱀;蛇;蛇;Die Schlange;Змей;Il Serpente;A Cobra;
effects;<i>Item added to your bag.</i>;<i>Eşya çantana eklendi.</i>;<i>Objet ajouté à votre sac.</i>;<i>Objeto añadido a tu cesta.</i>;<i>かばんにアイテムが追加！</i>;<i>아이템이 가방에 추가되었습니다.</i>;<i>物品已放入背包</i>;<i>物品已放入背包</i>;<i>Gegenstand wurde Eurer Tasche hinzugefügt.</i>;<i>Предмет отправлен в инвентарь.</i>;<i>Oggetto aggiunto alla tua borsa.</i>;<i>Item adicionado à sua bolsa.</i>;
effects_move;<i>This will have effect every second.</i>;<i>Bunun her saniye etkisi olacak.</i>;<i>L'effet sera pris en compte chaque seconde.</i>;<i>Esto afectará cada segundo.</i>;<i>毎秒、効果が発生！</i>;<i>매 순간마다 영향을 끼칠 것입니다.</i>;<i>每秒持续生效</i>;<i>每秒持續生效</i>;<i>Dies wirkt sich jede Sekunde aus.</i>;<i>Эффект проявляется каждую секунду.</i>;<i>Avrà effetto ogni secondo.</i>;<i>Isto terá efeito a cada segundo.</i>;
princess;Princess <...>;Prenses <...>;Princesse <...>;Princesa <...>;<...>王女;<...> 공주;<...>公主;<...>公主;Prinzessin <...>;Принцесса <...>;Principessa <...>;Princesa <...>;
;Lourdes;Lourdes;Lourdes;Lourdes;ルードレス;루르드;露尔德;露爾德;Lourdes;Лурдес;;Lourdes;
;Rosegold;Rosegold;Rosegold;Rosaura;ローズゴールド;로즈골드;金蔷薇;金薔薇;Annerose;Златороза;Rosamunda;Rosegold;
;Raspberry;Raspberry;Framboise;Frambuesa;ラズベリー;라즈베리;拉斯贝尔;拉斯貝爾;Chantal;Малиния;;Raspberry;
;Paloma;Paloma;Paloma;Paloma;パロマ;팔로마;帕洛玛;帕洛瑪;Paloma;Палома;;Paloma;
;Saffron;Saffron;Safran;Azafrán;サフロン;사프란;赛芙蓉;賽芙蓉;Brigitte;Шафрани;;Saffron;
princess_generic;The Princess;Prenses;La Princesse;La Princesa;王女;공주;公主;公主;Die Prinzessin;Принцесса;La Principessa;A Princesa;
piratel;<...> the Pirate;Korsan <...>;<...> la Pirate;<...> la Pirata;海賊<...>;해적 <...>;海盗<...>;海盜<...>;<...> die Piratin;Пиратка <...>;<...> la Pirata;<...>, a Pirata;
;Zeal;Zeal;Zéal;Fococio;ジール;질;热火;熱火;Zeal;Искра;;Zeal;
;Loon;Loon;Loon;Somormujo;ルーン;룬;笨笨;笨笨;Loon;Полумна;;Loon;
;Nettle;Nettle;Nettle;Ortiga;ネトル;네틀;暴脾气;暴脾氣;Nessel;Колючка;;Nettle;
;Pasha;Pasha;Pacha;Pisha;パシャ;파샤;帕希雅;帕希雅;Pasja;Пенька;;Pasha;
;Ellefé;Ellefé;Saskia;Elefé;エルフェ;엘레페;艾利沸;艾利沸;Ellefé;Экспи;;Ellefé;
piratel_generic;The Pirate;Korsan;La Pirate;La Pirata;海賊;점쟁이;预言家;預言家;Die Piratin;Пиратка;La Piratessa;A Pirata;
father;Daddy;Baba;Papa;Papá;父;아빠;爸爸;爸爸;Papa;Папочка;Papino;Papai;
father_generic;The Father;Baba;Le Père;El Padre;父;아버지;父亲;父親;Der Vater;Отец;Il Padre;O Pai;
chamberlain;<...> de Croquille;<...> de Croquille;<...> de Croquille;<...> de la Croquetilla;<...>・デ・コキーユ;<...> 드 크로퀴;<...>大人;<...>大人;<...> de Croquille;<...> де Крокий;;<...> de Croquille;
;Arcturus;Arcturus;Wilfred;Arturus;アクトゥルス;악튜러스;阿克图斯;阿克圖斯;Arcturus;Арктур;;Arcturus;
;Florius;Florius;Florius;Florio;フロリウス;플로리우스;副罗林斯;副羅林斯;Florius;Флориус;;Florius;
;Stefanio;Stefanio;Stefanio;Estéfano;ステファーニョ;스테파니오;斯特凡诺;斯特凡諾;Stefanio;Стефанио;;Stefânio;
;Bartholomew;Bartholomew;Bartholomé;Bartolomé;バーソロミュー;바솔로뮤;巴塞洛缪;巴薩羅繆;Bartholomäus;Варфоломей;Bartolomeo;Bartolomeu;
chamberlain_generic;The Chamberlain;Kahya;Le Chambellan;El Chambelán;執事;시종;宫廷大臣;宮廷大臣;Der Kämmerer;Казначей;Il Ciambellano;O Camareiro;
handmaid;Handmaid <...>;Hizmetçi <...>;Demoiselle <...>;Doncella <...>;侍女<...>;시녀 <...>;侍女<...>;侍女<...>;Zofe <...>;Служанка <...>;Servitrice <...>;Aia <...>;
;Alice;Alice;Suzanne;Alicia;アリス;앨리스;爱丽丝;愛麗絲;Alice;Алиса;;Alice;
;Simone;Simone;Simone;Simona;シモーネ;시모네;西蒙妮;西蒙妮;Simone;Симона;Simona;Simone;
;Margaret;Margaret;Margaret;Margarita;マーガレット;마가렛;玛格莱特;瑪格麗特;Margarethe;Маргарет;Mara;Margarida;
;Grace;Grace;Grace;Gracia;グレース;그레이스;格蕾丝;葛蕾絲;Gracia;Грейс;Grazia;Graça;
;Maud;Maud;Maud;Mona;モード;마우드;茉德;茉德;Mathilde;Мод;;Maud;
;Sue;Sue;Sue;Susi;スー;수;苏;蘇;Susanne;Сью;Susanna;Sue;
handmaid_generic;The Lady;Hanım;La Demoiselle de compagnie;La Doncella;夫人;귀부인;夫人;夫人;Die Dame;Леди;La Lady;A Dama;
tutor;Master <last_names>;Usta <last_names>;Maître <last_names>;Maestro <last_names>;<last_names>師;마스터 <last_names>;<last_names>大师;<last_names>大師;Meister <last_names>;Учитель <last_names>;Maestro <last_names>;Mestre <last_names>;
tutor_generic;The Tutor;Öğretmen;Le Tuteur;El Tutor;師範;가정교사;导师;導師;Der Hauslehrer;Гувернер;Il Precettore;O Tutor;
nobleman;Sir <male_names>;Sör <male_names>;Sire <male_names>;Señor <male_names>;<male_names>卿;<male_names> 경;<male_names>先生;<male_names>先生;Sir <male_names>;Сэр <male_names>;;Sir <male_names>;
nobleman_generic;The Nobleman;Soylu;Le Noble;El Noble;貴族;귀족;贵族;貴族;Der Adlige;Дворянин;Il Nobile;O Nobre;
bastard;Viscount <male_names>;Vikont <male_names>;Vicomte <male_names>;Vizconde <male_names>;<male_names>子爵;<male_names> 자작;<male_names>子爵;<male_names>子爵;Burggraf <male_names>;Виконт <male_names>;Visconte <male_names>;Visconde <male_names>;
bastard_generic;The Viscount;Vikont;Le Vicomte;El Vizconde;子爵;자작;子爵;子爵;Der Burggraf;Виконт;Il Visconte;O Visconde;
hunter;<male_names> the Swift;Çevik <male_names>;<male_names> le Vif;<male_names> el Raudo;疾足の<male_names>;날쌘 <male_names>;捕猎能手<male_names>;捕獵高手<male_names>;<male_names> der Flinke;<male_names> Стремительный;<male_names> lo Scaltro;<male_names>, o Veloz;
hunter_generic;The Huntsman;Avcı;Le Chasseur;El Cazador;狩人;사냥꾼;猎人;獵人;Der Jäger;Егерь;Il Cacciatore;O Caçador;
witch;Sister <...>;Kız kardeş <...>;Mère <...>;Hermana <...>;シスター・<...>;<...> 수녀;<...>姐妹;<...>姐妹;Schwester <...>;Сестра <...>;Sorella <...>;Irmã <...>;
;Vym;Vym;Vym;Vivi;ヴィム;바임;唯米;唯米;Vym;Вим;;Vym;
;Wylla;Wylla;Wylla;Wini;ワイラ;윌라;维拉;維拉;Wylla;Уайла;;Wylla;
;Aenella;Aenella;Zita;Anita;アエネラ;에이넬라;安妮拉;安妮拉;Aenella;Энелла;;Aenella;
;Yulle;Yulle;Yulle;Yuca;ユール;율;耶勒;耶勒;Yulle;Юлли;;Yulle;
witch_generic;The Witch;Cadı;La Sorcière;La Bruja;魔女;마녀;女巫;女巫;Die Hexe;Ведьма;La Strega;A Bruxa;
nun;Sister <female_names>;Kız kardeş <female_names>;Sœur <female_names>;Sor <female_names>;シスター・<female_names>;<female_names> 수녀;<female_names>修女;<female_names>修女;Schwester <female_names>;Сестра <female_names>;Sorella <female_names>;Irmã <female_names>;
nun_generic;The Nun;Rahibe;La Nonne;La Monja;修道女;수녀;修女;修女;Die Nonne;Монахиня;La Suora;A Freira;
cow;Daisy;Daisy;Daisy;Clarabela;デイジー;데이지;黛西;黛西;Berta;Дейзи;Daisy;Mimosa;
cow_generic;The Cow;İnek;La Vache;La Vaca;ウシ;소;奶牛;乳牛;Die Kuh;Корова;La Mucca;A Vaca;
judge;Justice <male_names>;Adalet <male_names>;Juge <male_names>;Juez <male_names>;<male_names>裁判官;<male_names> 판사;公正的<male_names>;公正的<male_names>;Richter <male_names>;Судья <male_names>;<male_names> il Giusto;Justiceiro <male_names>;
judge_generic;The Judge;Yargıç;Le Juge;El Juez;裁判官;판사;法官;法官;Der Richter;Судья;Il Giudice;O Juiz;
lady1;Baroness of <places>;<places> Baronesi;Baronne de <places>;Baronesa de <places>;<places>の男爵夫人;<places> 남작부인;<places>男爵夫人;<places>男爵夫人;Baronin von <places>;Баронесса <places>;Baronessa di <places>;Baronesa de <places>;
lady1_generic;The Baroness;Barones;La Baronne;La Baronesa;男爵夫人;남작부인;男爵夫人;男爵夫人;Die Baronin;Баронесса;La Baronessa;A Baronesa;
lady;Lady <female_names>;<female_names> Hanım;Dame <female_names>;Doña <female_names>;<female_names>夫人;<female_names> 귀부인;<female_names>夫人;<female_names>夫人;Dame <female_names>;Леди <female_names>;;Senhorita <female_names>;
lady_generic;The Noblewoman;Soylu Kadın;La Noble;La Dama;貴族夫人;귀부인;贵族夫人;貴族夫人;Die Adlige;Дворянка;La Nobildonna;A Nobre;
perle_generic;The Other Cat;Diğer Kedi;L'autre Chat;El Otro Gato;ネコ;다른 고양이;另一只猫;另一隻貓;Die andere Katze;Другая кошка;L'Altro Gatto;A Outra Gata;
perle;Perle;Perle;Perle;Perla;パーレ;페를;喵喵;喵喵;Perle;Перл;Perla;Perla;
dog_generic;The Royal Dog;Kraliyet Köpeği;Le Chien Royal;El Perro Real;城のイヌ;궁정견;宫廷御犬;皇家犬;Der Schlosshund;Королевский пес;Il Cane reale;O Cão Real;
dog;Bernard;Bernard;Bernard;Bernardo;バーナード;버나드;伯纳德;伯納德;Bernard;Бернард;Bernardo;Bernardo;
cat_generic;The Royal Cat;Kraliyet Kedisi;Le Chat Royal;La Gata Real;城のネコ;궁정묘;宫廷御猫;皇家貓;Der Schlosskater;Королевская кошка;Il Gatto reale;O Gato Real;
cat;Rex;Rex;Rex;Regia;レックス;렉스;雷克斯;雷克斯;Thomas;Рекси;Rex;Rex;
farmer_generic;The Farmer;Çiftçi;Le Paysan;El Campesino;農民;농부;农民;農民;Der Bauer;Фермер;Il Contadino;O Fazendeiro;
farmer;Pug;Pug;Pug;Cerco;パグ;퍼그;巴哥;巴哥;Pug;Паг;Fido;Pug;
prince_generic;The Prince;Prens;Le Prince;El Príncipe;王子;왕자;王子;王子;Der Prinz;Принц;Il Principe;O Príncipe;
prince;Prince <...>;Prens <...>;Prince <...>;Príncipe <...>;<...>王子;<...> 왕자;<...>王子;<...>王子;Prinz <...>;Принц <...>;Principe <...>;Príncipe <...>;
;Judson;Judson;Judson;Juli;ジャドソン;저슨;加德森;加德森;Reimant;Джадсон;;Judson;
;Deanwell;Deanwell;Deanwell;Dinamito;ディーンウェル;딘웰;迪恩威尔;迪恩威爾;Bodor;Динвелл;;Deanwell;
;Iainston;Iainston;Stanislas;Yonilo;レインストン;이아인스톤;莱茵斯顿;萊茵斯頓;Gustov;Иенстон;;Iainston;
;Chaseton;Chaseton;Chaseton;Cazatón;チェイストン;체이스턴;柴斯顿;柴斯頓;Kasamir;Чейзтон;;Chaseton;
;Landstand;Landstand;Landstand;Terronio;ランドスタンド;랜드스탠드;兰斯坦德;蘭斯坦德;Libericht;Лэндстэнд;;Landstand;
merchant_generic;The Merchant;Tüccar;La Marchande;La Mercader;商人;상인;商人;商人;Die Händlerin;Купчиха;La Mercante;A Comerciante;
merchant;Master <female_names>;Usta <female_names>;<female_names> la Marchande;Maese;<female_names>師;마스터 <female_names>;<female_names>老板;<female_names>老闆;Kauffrau <female_names>;Госпожа <female_names>;Donna <female_names>;Mestra <female_names>;
cossack_generic;The Northlander;Kuzeyli;La Nordique;La Norteña;北方人;북방인;北方领主;北方領主;Die Nordländerin;Северянка;La Donna del Nord;A Nortenha;
cossack;<...>;<...>;<...>;<...>;<...>;<...>;<...>;<...>;<...>;<...>;<...>;<...>;
;Faye;Faye;Faye;Falla;フェイ;페이;法耶;法耶;Hildrun;Фэй;;Faye;
;Daria;Daria;Daria;Daria;ダリア;다리아;达丽雅;達麗雅;Daria;Дарья;;Daria;
;Vera;Vera;Véra;Vera;ヴェラ;베라;薇拉;薇拉;Vera;Вера;;Vera;
;Juno;Juno;Junon;Juno;ジュノ;유노;朱诺;朱諾;Juno;Юнона;Giunone;Juno;
;Cerys;Cerys;Cérys;Cerita;セリス;세리스;赛瑞斯;賽瑞斯;Cerys;Черис;;Cerys;
;Palla;Palla;Palla;Paella;パラ;팔라;帕拉;帕拉;Palla;Палла;;Palla;
doe_generic;The Doe;Geyik;La Biche;La Cierva;シカ;암사슴;母鹿;母鹿;Das Reh;Лань;La Cerva;A Corça;
doe;Lady of the Wood;Orman Hanımı;Dame de la Forêt;Dama del Bosque;スウィーティ;스위티;甜甜;甜心;Herrin des Waldes;Леди Леса;Signora del bosco;Senhora do Bosque;
mirror_generic;The Mirror;Ayna;Le Miroir;El Espejo;鏡;거울;镜子;鏡子;Der Spiegel;Зеркало;Lo Specchio;O Espelho;
mirror;Your mirror;Senin aynan;Votre miroir;Vuestro Espejo;鏡;나의 거울;你的镜子;你的鏡子;Euer Spiegel;Ваше зеркало;Il vostro specchio;Seu espelho;
ravenna_generic;The Isle Queen;Ada Kraliçesi;La Reine de l'Île;La Reina Isleña;島の王妃;섬의 여왕;岛国王后;島國王后;Die Inselkönigin;Королева островов;La Regina dell'isola;A Rainha da Ilha;
ravenna;<...>;<...>;<...>;<...>;<...>;<...>;<...>;<...>;<...>;<...>;<...>;<...>;
;Ravenna;Ravenna;Ravenna;Rabinia;ラヴェナ;라베나;赖文娜;拉芬納;Ravenna;Равенна;;Ravenna;
;Ligia;Ligia;Ligia;Ligia;リジア;리기아;丽姬娅;莉希亞;Ligia;Лигия;;Lígia;
;Aurelia;Aurelia;Sacha;Sacha;オーレリア;오렐리아;奥莱利亚;奧雷利婭;Aurelia;Аурелия;;Aurélia;
;Scorpia;Scorpia;Scorpia;Escorpia;スコーピア;스콜피아;蛇蝎女;蛇蠍女;Scorpia;Скорпия;;Escórpia;
;Octavia;Octavia;Elsa;Elsa;オクタヴィア;옥타비아;奥克塔维亚;奧克塔維亞;Octavia;Октавия;Ottavia;Otávia;
;Severina;Severina;Palmélia;Severina;セヴェリナ;서버리나;塞韦里娜;瑟弗瑞娜;Severina;Северина;;Severina;
explorer_generic;The Explorer;Kaşif;L'Explorateur;El Explorador;探検家;탐험가;探险家;探險家;Der Entdecker;Путешественник;L'Esploratore;O Explorador;
explorer;Sir <last_names>;Sör <last_names>;Sire <last_names>;Señor <last_names>;<last_names>氏;<last_names> 경;<last_names>先生;<last_names>先生;Sir <last_names>;Сэр <last_names>;Sir <last_names>;Sir <last_names>;
wheel_generic;The Wheel;Çark;La Roue;La Rueda;運命の輪;바퀴;轮;輪;Das Rad;Колесо;La Ruota;A Roda;
wheel;Your fate;Kaderin;Votre destin;Vuestro Destino;女王の運命;나의 운명;你的命运;你的命運;Euer Schicksal;Ваша судьба;Il vostro destino;Seu destino;
maze_generic;The Maze;Labirent;Le Labyrinthe;El Laberinto;迷路;미로;迷宫;迷宮;Das Labyrinth;Лабиринт;Il Labirinto;O Labirinto;
maze;Verdant garden;Yeşillik bahçesi;Jardin verdoyant;Laberinto;緑の庭園;신록의 정원;翠园;翠園;Grüner Garten;Зеленый сад;Giardino lussureggiante;Jardim verdejante;
banker_generic;The Banker;Bankacı;Le Banquier;El Banquero;出納官;은행가;银行家;銀行家;Der Bankier;Банкир;Il Banchiere;O Banqueiro;
banker;Lord <...>;Lord <...>;Messire <...>;Don <...>;<...>公;<...> 공;<...>大人;<...>大人;Herr <...>;Лорд <...>;Lord <...>;Lorde <...>;
;Money;Para;Fortuné;Guita;マネー;머니;钱满怀;錢滿懷;Zasteroff;Баблоу;Denaro;Dinheiro;
;Kapital;Kapital;Kapital;Capital;カピタル;카피탈;金满钵;金滿缽;Capitalo;Капитал;Kapitale;Kapital;
;Coinage;Para basma;Delamonnaie;Cuño;コイネッジ;코이나지;财万贯;財萬貫;Münzer;Монетти;Conio;Cunhagem;
;Fünd;Sermaye;Duprêt;Fondo;ファンド;퓐드;郝多钱;郝多錢;von Reichenstein;Фонд;Föndi;Fündos;
general_generic;The General;General;Le Général;El General;将軍;장군;将军;將軍;Der General;Генерал;Il Generale;O General;
general;General <...>;General <...>;Général <...>;General <...>;<...>将軍;<...> 장군;<...>将军;<...>將軍;General <...>;Генерал <...>;Generale <...>;General <...>;
;Pollon;Pollon;Pollon;Pollón;ポロン;폴론;珀隆;珀隆;Pollon;Поллон;;Pollon;
;Vell;Vell;Vell;Velo;ヴェル;벨;威尔;威爾;Vell;Велл;;Vell;
;Henge;Henge;Polemos;Borde;ヘンゲ;헤네지;亨格;亨格;Henge;Хендж;;Henge;
;Stein;Stein;Stein;Mancha;ステイン;스테인;斯坦;斯坦;Stein;Штайн;;Stein;
;Zecht;Zecht;Zecht;Ceporro;ゼヒト;젝트;泽池;澤池;Zecht;Зехт;;Zecht;
;Fonsi;Fonsi;Fonsi;Fonsi;フォンシ;폰사이;冯夕;馮夕;Fonsi;Фонси;;Fonsi;
future_generic;The Survey;Araştırma;L'Étude de marché;La Encuesta;サーベイ;탐사관;概览;調查;Die Studie;Прогноз;La Valutazione;A Avaliação;
future;? ? ?;? ? ?;? ? ?;? ? ?;？？？;? ? ?;？？？;？？？;? ? ?;? ? ?;? ? ?;? ? ?;
priestess_generic;Acolyte;Sofu;La Disciple;La Discípula;侍祭;여사제;侍祭;侍祭;Akolythin;Жрица;Accolita;Acólita;
priestess;<...>;<...>;<...>;<...>;<...>;<...>;<...>;<...>;<...>;<...>;<...>;<...>;
;Nimue;Nimue;Nimue;Nimuda;ニムエ;니무에;尼缪;尼繆;Nimue;Нимуэ;;Nimue;
;Morgana;Morgana;Morgana;Morgana;モルガナ;모르가나;莫甘娜;莫甘娜;Morgana;Моргана;;Morgana;
;Lys;Lys;Lys;Lisi;リース;리스;利斯;利斯;Lys;Лисс;;Lys;
;Róisín;Róisín;Róisín;Rosiña;ロシーン;로이신;罗伊;羅伊;Róisín;Рошин;;Róisín;
;Wulfa;Wulfa;Wulfa;Golfa;ウルファ;울파;沃尔芙;沃爾芙;Wulfa;Вульфа;;Wulfa;
monument_generic;The Capital;Başkent;La Capitale;La Capital;王都;수도;首都;首都;Die Hauptstadt;Столица;La Capitale;A Capital;
monument;Capital city;Başkent;Cité Royale;Ciudad capital;王都;수도;首都;首都;Hauptstadt;Столица;Capitale;Cidade capital;
minstrel_generic;The Minstrel;Ozan;Le Ménestrel;El Juglar;吟遊詩人;음유시인;吟游诗人;吟游詩人;Der Minnesänger;Менестрель;Il Menestrello;O Trovador;
minstrel;<male_names> <last_names>;<male_names> <last_names>;<male_names> <last_names>;<male_names> <last_names>;<male_names>・<last_names>;<male_names> <last_names>;<male_names>·<last_names>;<male_names>·<last_names>;<male_names> <last_names>;<male_names> <last_names>;<male_names> <last_names>;<male_names> <last_names>;
places;Coterbury;Coterbury;Coterbury;Costaboruña;コータベリー;코터버리;科特博雷;科特博雷;Coterbury;Котерберийская;;Coterbury;
;Randon;Randon;Randon;Azar;ランドン;랜돈;兰登;蘭登;Randon;Рэндонская;;Randon;
;Angeli;Angeli;Dangeli;Angelunos;アンジェリ;안젤리;昂格里;昂格裡;Angeli;Ангелийская;;Angeli;
;Portune;Portune;Portune;Portiño;ポーチュン;포튠;普洱图;普洱圖;Portune;Портунская;;Portune;
;Talman;Talman;Talman;Talmán;タルマン;탈만;泰勒曼;泰勒曼;Talman;Талманская;;Talman;
;Rigsbourg;Rigsbourg;Rigsbourg;Ricoloporto;リグスバーグ;릭스부르그;云斯堡;雲斯堡;Rigsburg;Ригсбургская;;Rigsburgo;
;Alamain;Alamain;Dalamain;Alamano;アラマイン;알라마인;阿莱曼因;阿萊曼因;Alamain;Алемейнская;;Alamain;
;Port Sead;Port Sead;Port Sead;Puertosed;ポートシード;포트 시드;宝特西德;寶特西德;Port Sead;Порт-Саидская;;Port Sead;
;Falisby;Falisby;Falisby;Falumbra;ファリスビー;팔리스비;法里斯本;法里斯本;Falisby;Фалисбийская;;Falisby;
;Reeds;Reeds;Reeds;Ripio;リーズ;리즈;里德思;裡德思;Reeds;Ридская;;Reeds;
;Valambun;Valambun;Valambun;Balaculo;ヴァランバン;발람번;蔚蓝堡;蔚藍堡;Valambun;Валамбунская;;Valambun;
;Grevoh;Grevoh;Grevoh;Grivio;グレヴォ;그레보;格雷沃;格雷沃;Grevoh;Гревоская;;Grevoh;
;Ostwald;Ostwald;Dostwald;Osvaldo;オストワルド;오츠왈드;奥斯瓦尔德;奧斯維德;Ostwald;Оствальдская;;Ostwald;
male_names;Ceedrick;Ceedrick;Ceedrick;Cedric;シードリック;세드릭;肯德里克;肯德里克;Cedrick;Седрик;;Ceedrick;
;Gotfrond;Gotfrond;Gotfrond;Godofredo;ゴットフロント;가츠프론드;高德弗朗德;高德弗朗德;Gotfrund;Готфронд;;Gotfrond;
;Albort;Albort;Dalbort;Alberto;アルボート;알보르트;阿尔伯特;阿爾伯特;Albort;Альборт;;Albort;
;Angrus;Angrus;Pangrus;Agrio;アングルス;앙그루스;昂格鲁斯;昂格魯斯;Angrus;Ангрус;;Angrus;
;Drewvius;Drewvius;Drewvius;Driado;ドルヴィウス;드루비스;德鲁维斯;德魯維斯;Drevius;Дрювиус;;Drewvius;
;Harricote;Harricote;Charricote;Jarrito;ハリコーテ;해리코트;哈里克特;哈裡克特;Harricot;Харрикот;;Harricote;
;Derkston;Derkston;Derkston;Depiedra;ダークストン;더크스톤;德克斯顿;德克斯頓;Derkston;Деркстон;;Derkston;
;Whacksbourg;Whacksbourg;Whacksbourg;Wacamol;ワックスバーグ;왝스부르그;怀克斯博格;懷克斯柏格;Waldomar;Ваксбург;;Whacksburgo;
;Cowlton;Cowlton;Cowlton;Vacunón;コールトン;콜튼;考尔顿;考爾頓;Colton;Коултон;;Cowlton;
;Kristobal;Kristobal;Kristobal;Cristóbal;クリストバル;크리스토발;克里斯特保;克裡斯特保;Kristobal;Кристобаль;;Kristóbal;
;Patrichor;Patrichor;Patrichor;Patricio;パトリキュア;파트리콜;帕特里克尔;派翠克爾;Patrichor;Патрихор;;Patrichor;
;Thomulan;Thomulan;Thomulan;Toguapo;ソームラン;토물란;特姆拉;特姆拉;Thomulan;Томулан;;Thomulan;
;Johnsoon;Johnsoon;Johnsoon;Josélez;ジョンソーン;존순;约翰速;約翰速;Johnsun;Джонсун;;Johnsoon;
;Hankerton;Hankerton;Tankerton;Arcólez;ハンカートン;행커톤;汉克顿;漢克頓;Hankerton;Хэнкертон;;Hankerton;
;Billiam;Billiam;Billiam;Billante;ビリアム;빌리암;比尔兰姆;比爾蘭姆;Billiam;Бильям;;Billiam;
last_names;Vincenze;Vincenze;Vincenze;Vicente;ヴィンチェンゾ;빈센제;文森斯;文森斯;Vincenze;Винченце;;Vincenze;
;Orleans;Orleans;Lajoye;Lajoya;オーリアンズ;오를레앙;奥尔林斯;奧爾林斯;Orleans;Орлеанс;;Orleans;
;Blythe ;Blythe;Blythe;Blito;ブライス;블라이드;布莱泽;布萊澤;Blythe;Блайт ; ;Blythe;
;de Rous;de Rous;de Rous;de Rojo;デ・ロース;드 루스;德鲁斯;德魯斯;de Rous;де Ру;;de Rous;
;Browning;Browning;Browning;Magdaleno;ブローニング;브라우닝;布朗宁;白朗寧;Brauning;Браунинг;;Browning;
;Merceron;Merceron;Merceron;Mercerón;マーセロン;메르세론;梅塞隆;梅塞隆;Merceron;Мерсерон;;Merceron;
;Rappaport;Rappaport;Rappaport;Pestiño;ラッパポート;라파포트;莱帕波特;萊帕波特;Rappaport;Раппапорт;;Rappaport;
;Courtenay;Courtenay;Courtenay;Cortenope;コーテナイ;코테나이;科特尼亚;科特尼亞;Courtenay;Куртенэ;;Courtenay;
;Brandon;Brandon;Brandon;Brandon;ブランドン;브랜돈;布兰登;布蘭登;Brandon;Брэндон;;Brandon;
female_names;Sylvia;Sylvia;Sylvia;Silvia;シルヴィア;실비아;西尔维娅;西爾維婭;Sylvia;Сильвия;Silvia;Sílvia;
;Godiva;Godiva;Renée;Godiva;ゴディヴァ;고다이바;戈代娃;戈代娃;Godiva;Годива;;Godiva;
;Melusine;Melusine;Mélusine;Melusina;メルシーン;멜루신;梅路西恩;梅路西恩;Melusine;Мелюзина;;Melusine;
;Ariadne;Ariadne;Marianne;Ariadna;アリアドネ;아리아드네;阿里阿德涅;阿裡阿德涅;Ariadne;Ариадна;Adriana;Ariadne;
;Delphine;Delphine;Delphine;Delfina;デルフィン;델핀;戴尔芬;戴爾芬;Delphine;Дельфина;Delfina;Delfina;
;Beatrix;Beatrix;Béatrix;Beatriz;ベアトリクス;베아트리스;比阿特丽克斯;比阿特麗克斯;Beatrix;Беатрис;Beatrice;Beatriz;
;Pauline;Pauline;Pauline;Paulina;ポーリーン;폴린;波林;波林;Pauline;Паулина;Paolina;Pauline;
;Melusin;Melusin;Mélusine;Melosa;メリュジーヌ;멜르진;梅露辛;梅露辛;Undine;Мелюзин;Melusina;Melusina;
memento_acolyte;<last_queen>'s improbable death will forever fuel urban legends.;<last_queen>'nin beklenmedik ölümü, sonsuza dek şehir efsanelerini besleyecek.;La mort surnaturelle de <last_queen> alimentera longtemps les légendes populaires.;La muerte improbable de <last_queen> alimenta las leyendas urbanas.;<last_queen>の+不可解な死は、+都市伝説となって語り継がれた。;<last_queen>의 있을 수 없는 죽음은 영원히 도시전설로 남을 것입니다.;<last_queen>的奇异之死+为都市传说添加浓墨重彩的一笔！;<last_queen>的奇異之死+為都市傳說添加濃墨重彩的一筆！;Wie <last_queen> zu Tode kam, wird ewig die Quelle moderner Legenden sein.;<last_queen> мертва, и легенды о ее немыслимой смерти будут слагать до скончания веков.;La morte improbabile di <last_queen> alimenterà per sempre le leggende metropolitane.;A morte improvável de <last_queen> dará para sempre origem a inúmeras lendas urbanas.;
memento_allergy;<last_queen> died in the fever of a strange era, forever a puzzle.;<last_queen> garip bir çağın ateşiyle öldü, sonsuza dek bir bilmece olacak.;<last_queen> mourut subitement, nul ne comprit jamais vraiment ce qui lui était arrivé.;<last_queen> murió en el fervor de una época extraña, eterna incógnita.;<last_queen>は+奇妙な時代に死去した挙句、+永遠の謎となった。;<last_queen>은(는) 의문스러운 시기에 열병으로 죽음을 맞이하여, 그 죽음은 영원히 수수께끼로 남을 것입니다.;<last_queen>在怪诞时期+死于一场发烧+成了一个永远的谜…;<last_queen>在怪誕時期+死于一場發燒+成了一個永遠的謎…;<last_queen> starb am Fieber einer seltsamen Epoche, ewig rätselhaft.;<last_queen> скончалась, сотрясаемая лихорадкой странных времен. Смерть ее скрыта покровом тайны.;<last_queen> è morta in un'epoca bizzarra e sarà per sempre un mistero.;<last_queen> morreu no turbilhão de uma estranha era, para sempre um enigma.;
memento_aside;<last_queen> died in bitterness, her crown forever disputed.;<last_queen> acılı şekilde öldü, tacı sonsuza dek yanlış hatırlanacak.;<last_queen> mourut rongée par l'amertume, sans héritier légitime.;<last_queen> murió en amargura, su corona eternamente disputada.;<last_queen>は+苦しい最期を遂げ、+その治世は永遠に論争の的となった。;<last_queen>은(는) 비통하게 죽어, 그 왕좌는 다툼에 휩싸였습니다.;<last_queen>含恨而终+人们对她的王权始终都有争议…;<last_queen>含恨而終+人們對她的王權始終都有爭議…;<last_queen> starb verbittert und ihre Krone blieb ewig umstritten.;<last_queen> скончалась, исполненная горечи, и битвам за ее корону не суждено прекратиться.;La morte di <last_queen> è stata amara, la sua corona sarà per sempre controversa.;<last_queen> morreu na amargura, com sua coroa eternamente disputada.;
memento_broke;<last_queen> died without fanfare, forever misremembered.;<last_queen> seveni olmadan öldü, sonsuza dek yanlış hatırlanacak.;<last_queen> mourut dans le dénuement, reniée par les siens.;<last_queen> murió sin gloria, olvidada para siempre.;<last_queen>は+華のない最期を遂げ、+永遠に誤解されつづけた。;<last_queen>은(는) 아무도 몰래 죽어, 영원히 잊혀졌습니다.;<last_queen>默默而终+无人铭记…;<last_queen>默默而終+無人銘記…;<last_queen> starb ohne Fanfare und blieb ewig in falscher Erinnerung.;<last_queen> скончалась тихо, забытая всеми.;<last_queen> è morta in silenzio, nessuno la ricorderà.;<last_queen> morreu sem alarde e foi para sempre esquecida.;
memento_birth;<last_queen> died in anguish, forever a figure of romance.;<last_queen> ızdırap çekerek öldü, sonsuza dek bir romantizm simgesi olacak.;<last_queen> mourut en couche, devenant un symbole de l'amour maternel.;<last_queen> murió angustiada, presa del romance.;<last_queen>は+苦しみの中絶命し、+悲劇の女王として語り継がれた。;<last_queen>은(는) 괴로움에 휩싸여 죽어, 영원토록 로맨스 이야기 속의 인물로 남게 되었습니다.;<last_queen>悲苦而亡+她的死成为浪漫的代名词…;<last_queen>悲苦而亡+她的死成為浪漫的象征…;<last_queen> starb qualvoll und wurde ewig zu einer romantischen Gestalt.;<last_queen> скончалась в муках, так и оставшись навеки романтической героиней.;Le pene d'amore di <last_queen> verranno ricordate dai posteri: sarà per tutti l'immagine del romanticismo.;<last_queen> morreu angustiada e tornou-se uma figura romântica para sempre.;
memento_burning;<last_queen> died famously, forever an icon to disobedient women.;<last_queen> ünlü şekilde öldü, itaat etmeyen kadınlar için sonsuza dek bir ikon olacak.;En mourant, <last_queen> passa à la postérité comme symbole de la femme insoumise.;<last_queen> murió con fama, como un icono de mujer indomable.;<last_queen>は+有名な死を遂げ、+強情女の代名詞となって生き続けた。;<last_queen>은(는) 반항하는 여성의 상징으로써 영원토록 기려지며 죽었습니다.;<last_queen>死得声名远扬+成为女性抗争的经典形象…;<last_queen>死得聲名遠揚+成為女性抗爭的經典形象…;<last_queen> starb ruhmvoll und wurde ewig zum Symbol ungehorsamer Frauen.;<last_queen> встретила смерть гордо, так и оставшись кумиром для всех непокорных женщин.;Alla sua morte <last_queen> era famosissima: è stata e sarà per sempre un'icona per le donne disobbedienti.;<last_queen> teve uma morte famosa e tornou-se para sempre um ícone das mulheres desobedientes.;
memento_coup;<last_queen>'s brutal death is forever an example of poetic justice.;<last_queen>'nin vahşi ölümü sonsuza dek ilahi adaletin bir örneği olacak.;L'abominable mort de <last_queen> fit la preuve de l'existence d'une justice immanente.;La muerte brutal de <last_queen> será para siempre un ejemplo de justicia poética.;<last_queen>の+残酷な死は、+詩的正義の典型として語り継がれた。;<last_queen>의 잔혹한 죽음은 영원토록 인과응보의 예로써 남을 것입니다.;<last_queen>死得十分悲惨+很好的诠释了什么叫恶有恶报…;<last_queen>死得十分悲慘+很好的诠釋了什麽叫惡有惡報…;Der brutale Tod von <last_queen> dient ewig als Beispiel poetischer Gerechtigkeit.;<last_queen> и ее страшная смерть навеки останутся примером идеальной справедливости.;La morte violenta di <last_queen> rimarrà negli annali come un esempio di giustizia poetica.;A morte brutal de <last_queen> será para sempre um exemplo de justiça poética.;
memento_crushed;<last_queen>'s frenzied death is forever a dissertation topic.;<last_queen>'nin çılgın ölümü sonsuza dek bir tez konusu olacak.;De nombreuses thèses ont été écrites sur le paradoxe de la mort de <last_queen>.;La muerte frenética de <last_queen> será para siempre carne de debate.;<last_queen>の+狂気めいた死は、+いつの時代も論文のテーマとなった。;<last_queen>이(가) 광분하다 죽은 모습은 영원토록 논문 주제로써 남을 것입니다.;<last_queen>疯癫的死+成为了极具学术价值的话题…;<last_queen>瘋癲的死+成為了極具學術價值的話題…;Der gewaltsame Tod von <last_queen> ist ewig ein Thema von Dissertationen.;<last_queen> и ее немыслимая смерть станут темой не одного трактата.;La morte delirante di <last_queen> rimane ancora oggi un acceso argomento di discussione.;A morte frenética de <last_queen> será para sempre um tema de dissertações.;
memento_dishes;<last_queen> died in disgrace, forever a warning for proud children.;<last_queen> rezil şekilde öldü, gururlu çocuklar için sonsuza dek bir uyarı olacak.;La disgrâce et la mort misérable de <last_queen> sont toujours racontées aux enfants pour les mettre en garde contre l'arrogance.;<last_queen> murió en desgracia, eterna salvadora de los pobres niños.;<last_queen>は+屈辱にまみれて絶命し、+ごう慢な子供たちへの教訓となった。;<last_queen>은(는) 불명예스럽게 죽어, 영원토록 오만한 아이들의 반면교사로 남을 것입니다.;<last_queen>死得颜面尽失+大人们用她来警示傲慢的小孩…;<last_queen>死得顏面盡失+大人们用她來警示傲慢的小孩…;<last_queen> starb in Schande, eine ewige Warnung für stolze Kinder.;<last_queen> скончалась в опале, словно в назидание юнцам, исполненным гордыни.;<last_queen> è morta in disgrazia: che sia da monito per i bambini superbi.;<last_queen> morreu em desgraça e tornou-se para sempre um aviso para crianças orgulhosas.;
memento_drown;<last_queen>'s death will be forever remembered in mournful river paintings.;<last_queen>'nin ölümü hüzünlü resimlerde sonsuza dek hatırlanacak.;Suite à la mort de <last_queen>, la représentation des cours d'eau est devenue un symbole de la peinture mélancolique.;La muerte de <last_queen> será eternamente recordada en bucólicas pinturas de duelo.;<last_queen>の死は、+陰気な川の絵となって+人々の心に刻み込まれた。;<last_queen>의 죽음은 강가의 그림 속에서 영원토록 비극으로 남아있을 것입니다.;<last_queen>的死+将永远被殇河的画作铭记…;<last_queen>的死+將永遠被殤河的畫作銘記…;Des Todes von <last_queen> wird ewig mit trauervollen Flussgemälden gedacht.;<last_queen>… Глядя на пейзажи с изображением печальной реки, все еще долго будут вспоминать королеву…;La morte di <last_queen> verrà sempre ricordata nei dipinti di fiumi desolati.;A morte de <last_queen> será para sempre recordada em pinturas lúgubres em rios.;
memento_eclipse;<last_queen>'s notorious death will forever figure in religious conspiracies.;<last_queen>'nin kötü şöhretli ölümü, dini komplolarda sonsuza dek yer alacak.;La tristement célèbre mort de <last_queen> servira toujours d'argument aux conspirateurs religieux.;La muerte de <last_queen> figurará eternamente entre las más famosas conspiraciones religiosas.;<last_queen>は+悪名高い死を遂げ、+宗教的陰謀への関与を疑われつづけた。;<last_queen>의 악명높은 죽음은 종교적인 음오의 영원한 증거로써 남을 것입니다.;<last_queen>死得臭名远扬+成为宗教阴谋史中鲜明的形象…;<last_queen>+死得臭名遠揚+成為宗教陰謀史中鮮明的形象…;Der Tod von <last_queen> wird ewig in religiösen Verschwörungen auftauchen.;<last_queen>… Ее наделавшая много шума смерть всегда будет фигурировать в теориях заговоров.;In seguito alla sua morte, tristemente nota, <last_queen> comparirà per sempre nei complotti religiosi.;A célebre morte de <last_queen> será para sempre um assunto de conspirações religiosas.;
memento_exile;<last_queen> died quietly, forever an unremarked-upon portrait.;<last_queen> sonsuza kadar fark edilmeyen bir portre olarak sessizce öldü;<last_queen> mourut dans la solitude, ne laissant d'elle qu'un portrait poussiéreux dont nul ne saurait dire aujourd'hui qui elle fut.;<last_queen> murió en paz, eterno retrato de la tranquilidad del alma.;<last_queen>は+ひっそりと死去し、+永遠に影の薄い女王となった。;<last_queen>은(는) 아무도 몰라볼 초상화 하나만 남긴 채, 조용히 죽었습니다.;<last_queen>+死得默默无闻+淹没在历史的长河中…;<last_queen>死得默默無聞+淹沒在歷史的長河中…;<last_queen> starb still und leise und wurde ein ewig missachtetes Porträt.;<last_queen> скончалась тихо, как и жила, и даже ее портрет теряется на фоне других.;<last_queen> è morta senza far rumore e rimarrà un ritratto di cui nessuno si accorgerà.;<last_queen> morreu de forma discreta, passando a ser para sempre apenas mais um retrato.;
memento_explosion;<last_queen> died in a spectacular event, forever retold in song.;<last_queen> görkemli bir etkinlikte öldü, sonsuza dek şarkısı söylenecek.;La mort spectaculaire de <last_queen> inspira d'innombrables chansons.;<last_queen> murió en un evento espectacular, que fue siempre recordado en canciones y cuentos.;<last_queen>は+派手な事故死を遂げ、+歌となって語り継がれた。;<last_queen>의 성대한 죽음은 영원토록 노래로 불릴 것입니다.;<last_queen>死于一场盛大活动+她的死被反复吟唱…;<last_queen>死於一場盛大活動+她的死被反覆吟唱…;<last_queen> starb auf eine spektakuläre Weise, die ewig besungen wird.;<last_queen> погибла во время зрелищного события, о котором всегда будут слагать песни.;<last_queen> è morta durante un evento spettacolare, che verrà sempre raccontato in musica.;<last_queen> morreu num evento espetacular que será para sempre relembrado em canções.;
memento_frog;<last_queen>'s death will forever be the stuff of musical theatre.;<last_queen>'nin ölümü sonsuza dek müzik sahnelerinde canlanacak.;La mort de <last_queen> devint un thème classique du théâtre chanté.;La muerte de <last_queen> será eternamente material para nuevos musicales.;<last_queen>の死は+いつの世でも、+歌劇となって語られ続けた。;<last_queen>의 죽음은 영원히 극장의 뮤지컬로써 남을 것입니다.;<last_queen>的死+成为音乐剧的好题材…;<last_queen>的死+成為音樂劇的好題材…;Der Tod von <last_queen> wird zum ewigen Stoff des Musiktheaters.;<last_queen>: ее смерть навсегда останется основой для сюжетов мюзиклов.;La morte di <last_queen> verrà per sempre usata come materiale per il teatro musicale.;A morte de <last_queen> será sempre a inspiração de peças musicais.;
memento_guillotine;<last_queen> died infamously, her name forever meaning cruelty.;<last_queen> kötü ünlü öldü, ismi sonsuza dek zalim anlamına gelecek.;La mort sordide de <last_queen> passa à la postérité comme exemple de cruauté.;<last_queen> murió de forma infame, su nombre será siempre sinónimo de crueldad.;<last_queen>は+不名誉な死を遂げ、+その名は残虐性の象徴となった。;<last_queen>은(는) 불명예스럽게 죽어, 그 이름은 영원토록 잔인함의 상징으로 남을 것입니다.;<last_queen>死得声名狼藉+她的名字成为了残忍的代名词…;<last_queen>死得聲名狼藉+她的名字成為了殘忍的象征…;<last_queen> starb berüchtigt, ihr Name wird ewig mit Grausamkeit gleichgesetzt.;<last_queen> умерла позорной смертью, и ее имя навсегда останется синонимом жестокости.;<last_queen> è stata una donna spietata. Anche dopo morta, il suo nome non farà pensare ad altro che alla sua crudeltà.;<last_queen> sofreu uma morte infame, e seu nome tornou-se para sempre sinônimo de crueldade.;
memento_hanged;<last_queen> died in ignominy, her name forever spoken with a thrill.;<last_queen> rezil şekilde öldü, ismi sonsuza dek heyecanla anılacak.;<last_queen> mourut piteusement et on prononce encore son nom avec effroi.;<last_queen> murió en ignominia, su nombre siempre recordado con terror.;<last_queen>は+屈辱的な死を遂げ、その名は+わずかな興奮と共に語られつづけた。;<last_queen>은(는) 수치스럽게 죽어, 이름이 불리는 것만으로도 부끄러움의 상징으로 여겨질 것입니다.;<last_queen>死得太不光彩+人们提到她名字都直哆嗦…;<last_queen>死得太不光彩+人們提到她名字都直哆嗦…;<last_queen> starb verachtet, ihr Name wird ewig mit einem Schaudern genannt.;<last_queen> встретила бесчестную смерть, и впредь ее имя всегда будут произносить с содроганием.;<last_queen> è morta nell'ignominia, il suo nome verrà sempre pronunciato con un brivido.;<last_queen> morreu na ignomínia, e seu nome passou a ser falado para sempre com emoção.;
memento_head_cut;Symbols of <last_queen>'s sad death will forever be part of folk holidays.;<last_queen>'nin ölümünün sembolleri sonsuza dek halk bayramlarının parçası olacak.;Les babioles associées à la triste fin de <last_queen> servent toujours de décorations dans les fêtes folkloriques.;Los símbolos de la muerte de <last_queen> formarán siempre parte del folclor popular.;<last_queen>の+悲劇的な死は教訓となり、+国民の祝日として後世に残った。;<last_queen>의 슬픈 죽음은 국경일로써 영원히 남을 것입니다.;<last_queen>悲惨的死亡象征+将永远出现在民俗节日中…;<last_queen>悲慘的死亡象征+將永遠出現在民俗節日中…;Symbole des traurigen Todes von <last_queen> werden ewig Teil von Volksfeiertagen sein.;<last_queen>… Атрибуты ее печальной смерти впредь будут использоваться во время народных гуляний.;I simboli della triste morte di <last_queen> faranno per sempre parte delle feste popolari.;Os símbolos da triste morte de <last_queen> farão para sempre parte de feriados populares.;
memento_puritain;<last_queen> was not mourned, forever associated with cold piety.;<last_queen> için yas tutulmadı, sonsuza dek koyu dincilikle bağdaştırılacak.;On ne pleura pas la mort de <last_queen>, dont le nom devint synonyme de piété aveugle.;<last_queen> no fue llorada, sino recordada como símbolo la fría devoción.;<last_queen>の死を+悼む者はなく、信仰をなくした者の+末路を象徴しつづけた。;<last_queen>의 죽음을 슬퍼하는 이는 아무도 없었으며, 영원토록 차가운 동정만 받을 것입니다.;没人哀悼<last_queen> +她的名字会让人感受到+那带有一丝冰冷的虔诚…;沒人哀悼<last_queen> +她的名字會讓人感受到+那帶有一絲冰冷的虔誠…;<last_queen> wurde nicht betrauert, man schreibt ihr ewig kalte Frömmigkeit zu.;<last_queen> умерла, никем не оплаканной, и навсегда осталась олицетворением холодного благочестия.;Il lutto per la morte di <last_queen> non è stato osservato, perché il suo nome è sempre stato associato alla più fredda pietà.;Não houve lamentos por <last_queen>, tendo seu nome para sempre associado a uma devoção vazia.;
memento_rash;<last_queen> died in a gruesome season, forever spoken of in horror.;<last_queen> korkunç bir dönemde öldü, sonsuza dek korkuyla anılacak.;<last_queen> mourut après une lente agonie, et son nom fut toujours évoqué avec dégoût.;<last_queen> murió de forma espantosa, eternamente recordada con horror.;<last_queen>の+おぞましい死は、+怪談となって語られつづけた。;<last_queen>은(는) 끔찍한 시기에 죽음을 맞이했으며, 그 이름은 영원히 두려움 속에서 불릴 것입니다.;<last_queen>死得太诡异+人们一想起来就感到莫名的恐惧…;<last_queen>死得太陰森+人們一想起來就感到莫名的恐懼…;<last_queen> starb in einer grausigen Zeit, von der man ewig mit Schrecken spricht.;<last_queen> скончалась в страшные времена, о которых всегда говорят с ужасом.;<last_queen> è morta in un periodo terribile e il suo nome verrà sempre ricordato con orrore.;<last_queen> morreu numa época terrível, passando a ser falada para sempre com horror.;
memento_spell;Paintings of <last_queen>'s death will forever be gothic fascinations.;<last_queen>'nin ölümünün resimleri sonsuza dek gotik cazibesi olacak.;Les tableaux représentant la mort de <last_queen> auront toujours un aspect gothique fascinant.;Las imágenes de la muerte de <last_queen> no dejarán nunca de ser fetiches para los góticos.;<last_queen>の最期を+描いた絵は、いつの世も+陰うつな魅力を放ちつづけた。;<last_queen>의 죽음을 기린 그림은 영원히 고딕 미술로 남아있을 것입니다.;<last_queen>死亡的画作+在哥特圈里相当流行…;<last_queen>+死亡的畫作+在哥特圈裏相當流行…;Gemälde des Todes von <last_queen> werden Schauerfreunde ewig faszinieren.;<last_queen>: Картины с изображением ее смерти навеки останутся преисполненными готического очарования.;I dipinti della morte di <last_queen> rimarranno sempre attrazioni gotiche.;As pinturas da morte de <last_queen> serão para sempre fascinantes obras de arte gótica.;
memento_spirit;<last_queen>'s manner of death was unexplained, forever debated.;<last_queen>'nin ölüm şekli açıklanmadı, sonsuza dek tartışıldı.;Les circonstances de la mort de <last_queen> restent inexpliquées à ce jour, et font encore débat.;La muerte de <last_queen> será siempre inexplicable, eternamente debatida.;<last_queen>の死因は+解明されず、+時代を超えて論争がつづいた。;<last_queen>은(는) 알 수 없는 이유로 죽었으며, 영원히 토론거리로 남을 것입니다.;没人知道+<last_queen>到底是怎么死的+人们因此争论不休…;沒人知道<last_queen>到底是怎麼死的+大家說法不一…;Die Todesumstände von <last_queen> werden nie geklärt und ewig diskutiert.;<last_queen> нашла необъяснимую смерть, о которой всегда будут вестись споры.;Nessuno sa spiegare com'è morta <last_queen>: rimarrà sempre motivo di dibattito.;A morte de <last_queen> nunca foi explicada e passou a ser para sempre um tema de debate inesgotável.;
memento_statue;<last_queen> died particularly badly, her statue forever a site of pilgrimage.;<last_queen> özellikle kötü şekilde öldü, heykeli sonsuza dek bir hac alanı olacak.;La mort de <last_queen> fut particulièrement frappante et sa statue devint un lieu de pèlerinage.;<last_queen> murió de forma especialmente dura, su estatua será para siempre destino de peregrinos.;<last_queen>は+あまりに傷ましい最期を遂げ、+像の巡礼者が絶えることはなかった。;<last_queen>은(는) 유별나게 끔직이 죽어, 그녀의 조각상은 영원히 순례지로 남을 것입니다.;<last_queen>死的相当惨烈+她的雕像成为了朝圣之地…;<last_queen>死的相當慘烈+她的雕像成為了朝聖之地…;Der Tod von <last_queen> war sehr hart, ewig werden Leute zu ihrer Statue pilgern.;<last_queen> нашла особенно страшную смерть, а статуя королевы стала местом паломничества.;La morte di <last_queen> è stata particolarmente crudele. La sua statua sarà per sempre meta di pellegrinaggio.;<last_queen> morreu de forma macabra, e sua estátua passou a ser para sempre um local de peregrinação.;
memento_tower;<last_queen>'s grotesque end will forever be the stuff of whispers.;<last_queen>'nin acayip sonu sonsuza dek söylentilere neden olacak.;La fin grotesque de <last_queen> ne sera désormais évoquée qu'à voix basse.;El final grotesco de <last_queen> formará para siempre parte de los cuchicheos.;<last_queen>の+むごたらしい死は、+永遠に小声で語られつづけた。;<last_queen>의 괴기한 죽음은 영원히 비밀로 남을 것입니다.;<last_queen>荒诞的结局+完美诠释了告密者的下场…;<last_queen>怪誕奇異的結局+完美詮釋了告密者的下場…;Über das groteske Ende von <last_queen> wird ewig geflüstert.;<last_queen>: смерть ее была такой жуткой, что о ней не перестанут шептаться в кулуарах.;La fine grottesca di <last_queen> sarà per sempre chiacchierata.;A morte grotesca de <last_queen> será para sempre comentada em sussurros.;
memento_vines;<last_queen> met a bizarre death, forever unsolved by historians.;<last_queen> garip bir şekilde öldü, tarihçiler tarafından sonsuza dek çözülemeyecek.;Les historiens ne parvinrent jamais à expliquer la mystérieuse mort de <last_queen>.;<last_queen> encontró una muerte extraña, que nunca llegó a ser resuelta por los historiadores.;<last_queen>は+奇怪な最期を遂げ、+その謎はどの歴史家にも解けなかった。;<last_queen>은(는) 기묘한 죽음을 맞이했습니다. 그 죽음은 역사학자들의 영원한 연구대상이 될 것입니다.;<last_queen>死得诡异+历史学家众说纷纭…;<last_queen>死得詭異+歷史學家眾說紛紜…;<last_queen> fand ein bizarres Ende, ewig unaufgeklärt von den Historikern.;<last_queen> нашла эксцентричную смерть, причин которой историки не могут понять до сих пор.;<last_queen> ha incontrato la morte in maniera bizzarra. Nemmeno gli storici riusciranno a spiegarla.;<last_queen> sofreu uma morte bizarra e para sempre inexplicável pelos historiadores.;
memento_oldage;<last_queen>'s noble death will forever be an international holiday.;<last_queen>'nin asil ölümü sonsuza dek uluslararası bir bayram olacak.;Le jour de l'auguste mort de <last_queen> devint un jour férié dans le monde entier.;La noble muerte de <last_queen> será para siempre fiesta nacional.;<last_queen>の+気高い死は、+国家の祝日となって永遠に称えられた。;<last_queen>이(가) 고귀한 죽음을 맞은 날은 국제적 공휴일로써 영원히 남을 것입니다.;<last_queen>的亡去之日+成为了国际性的节日…;<last_queen>的亡去之日+成為了國際性的節日…;Der Todestag von <last_queen> wird ewig zu einem internationalen Gedenktag.;<last_queen>… Дата ее благородной смерти навсегда останется государственным праздником.;Il giorno della nobile morte di <last_queen> diventerà una festa internazionale.;A data da digna morte de <last_queen> será para sempre um feriado internacional.;
memento_oldagewithking;<last_queen>'s death was intimately observed by those who loved her.;<last_queen>'nin ölümü sevenleri tarafından yakından gözlemlendi.;<last_queen> mourut sous le regard bienveillant de ceux qui l'aimaient.;<last_queen> murió en la intimidad familiar, observada por sus seres más queridos.;<last_queen>は、+愛する者たちに優しく看取られながら+息を引き取った。;<last_queen>은(는) 사랑하는 이 앞에서 죽음을 맞이했습니다.;<last_queen>的忌日+成为了她的拥戴者共同的节日…;<last_queen>的忌日+成為了擁戴她的人共同的節日…;<last_queen> starb umgeben vom engsten Kreise derer, die sie liebten.;<last_queen>… В момент ее смерти с ней рядом были те, кто любил ее.;Mentre passava a miglior vita, <last_queen> era vegliata dalle persone che l'amavano.;A morte de <last_queen> foi acompanhada de perto por aqueles que a amavam.;
zodiac_aquarius;Chosen for her impeccable manners, <new_queen> aims to instill confidence in the crown.;Kusursuz görgüsüyle seçilen <new_queen> taca güven aşılamayı hedefliyor.;Choisie pour ses manières irréprochables, <new_queen> incite le peuple à faire confiance à la Couronne.;Elegida por sus impecables modales, <new_queen> desea transmitir confianza en la corona.;その気品に満ちた佇まいを買われ、+新女王の<new_queen>が、+王室の信頼を取り戻すべく即位した。;흠잡을 데 없는 예의범절로 선택받은 <new_queen>은(는) 정부에 신뢰를 심는 것을 목표로 삼고 있습니다.;<new_queen>的举止无可挑剔+并当选王后，她要让臣民都信服于她…;<new_queen>的舉止無可挑剔，+當選王后後，她要讓臣民都信服于她…;Wegen ihrer tadellosen Manieren ausgewählt, möchte Königin <new_queen> für Vertrauen in die Krone sorgen.;Избранная королевой за безупречные манеры, <new_queen> намерена укрепить доверие подданных к короне.;Scelta per le sue buone maniere, <new_queen> vuole infondere nuova sicurezza alla Corona.;Escolhida por suas excelentes maneiras, <new_queen> pretende fazer crescer a confiança na Coroa.;
zodiac_pisces;Queen <new_queen> was chosen to strengthen ties with the West. She may not be welcomed in her new land.;Kraliçe <new_queen>, Batı ile bağları güçlendirmek için seçildi. Yeni topraklarında hoş karşılanmayabilir.;La Reine <new_queen> a été choisie pour renforcer les liens avec l'Ouest. Mais son nouveau pays l'acceptera-t-il ?;La Reina <new_queen> fue elegida para afianzar los vínculos con el oeste. Tal vez no sea bienvenida en su tierra.;西方との絆を強化すべく、+新女王の<new_queen>が+王国へ迎えられたが、+前途は多難のようであった。;<new_queen> 여왕은 서쪽과의 유대를 강화시킨 공로로 선출되었습니다. 새로운 고향에선 환영받지 못할 수도 있습니다.;<new_queen>当选王后+旨在加强与西方的联系 +她在新领地上可能没那么受欢迎;<new_queen>當選王后+旨在加強與西方的聯系 +她在新領地上可能不那麼受歡迎;Königin <new_queen> soll die Verbindungen mit dem Westen stärken. In ihrer neuen Heimat ist man ihr gegenüber vielleicht skeptisch.;Королева <new_queen> была избрана, чтобы укрепить отношения с западом. Новая страна может ее не принять.;La regina <new_queen> è stata scelta per rafforzare i rapporti con l'Ovest. Potrebbe non essere la benvenuta nel suo nuovo regno.;A rainha <new_queen> foi escolhida para fortalecer os laços com o Ocidente. Ela poderá não ser bem recebida em sua nova terra.;
zodiac_aries;Queen <new_queen> comes to the throne in a time of national discontent and simmering aggression.;Kraliçe <new_queen>, tahta ulusal memnuniyetsizlik ve büyüyen saldırganlık döneminde geliyor.;La Reine <new_queen> accède au trône dans un climat de grogne et d'instabilité.;La Reina <new_queen> llega al trono en una época de descontento y violencia contenida.;国民の不満と、一触即発の緊張感が+渦巻く時代に、新たな女王+<new_queen>が即位した。;<new_queen> 여왕은 국가에 대한 불만이 최고조라 언제라도 폭발하는 게 이상하지 않은 시기에 왕위에 올랐습니다.;<new_queen>王后继位+人民不满情绪高涨+势将爆发反抗;<new_queen>王后繼位+人民不滿情緒高漲+勢將爆發反抗;Königin <new_queen> kommt in einer Zeit nationaler Unzufriedenheit und schwelender Aggressionen auf den Thron.;Королева <new_queen> взошла на трон во времена народных недовольств и назревающих беспорядков.;La regina <new_queen> sale al trono in un periodo di malcontento e di tumulti repressi.;A rainha <new_queen> sobe ao trono num momento de insatisfação nacional e agressões latentes.;
zodiac_cancer;The people hope Queen <new_queen> will be the ideal of motherhood they have desired.;İnsanlar Kraliçe <new_queen>'in arzuladıkları ideal anneliği yapacağını umuyor.;Le peuple espère que la Reine <new_queen> représentera l'idéal maternel auquel il aspire.;El pueblo espera de la Reina <new_queen> que sea el ejemplo vivo de maternidad que tanto desea.;人々は女王<new_queen>が、+待ち望んだ理想の母であるよう願った。;사람들은 <new_queen> 여왕이 이상적인 군주가 되어주길 바라고 있습니다.;人们希望+<new_queen>王后+能够像他们期待的那样，母仪天下;人們希望+<new_queen>王后+能夠像他們期待的那樣，母儀天下;Das Volk hofft, dass Königin <new_queen> dem von ihm erwünschten Mutterideal entsprechen wird.;Жители страны надеются, что королева <new_queen> станет для них идеальной матерью, о которой они мечтали.;La gente spera che la Regina <new_queen> rappresenti l'ideale di maternità che tanto ha desiderato.;O povo espera que a rainha <new_queen> represente o ideal de maternidade que sempre desejaram.;
zodiac_taurus;Queen <new_queen> steps in to rule a divided land, with polarized expectations resting upon her.;Kraliçe <new_queen> parçalanmış toprakları yönetmek için devreye giriyor, ondan farklı uçlarda beklentiler var.;La Reine <new_queen> s'apprête à régner sur un pays divisé, aux aspirations contradictoires.;La Reina <new_queen> llega para reinar una tierra dividida, con diversas expectativas forjándose sobre ella.;国家の分裂を食い止めるべく、+女王<new_queen>が即位。+その双肩には両極端な期待が+重くのしかかっていた。;<new_queen> 여왕은 나라의 흥망성쇠에 대한 양극화된 여론 아래 나눠진 땅을 다스리기 위한 제위에 올랐습니다.;<new_queen>王后+继位后要统治一个分裂的国家+人们对她的期待两极分化;<new_queen>王后+繼位後要統治一個分裂的國家+人們對她的期待兩極分化;Königin <new_queen> tritt die Herrschaft über ein geteiltes Land an. Auf ihr ruhen gegensätzliche Erwartungen.;Королева <new_queen> пришла к власти в разобщенной стране, и все возлагают на нее совершенно разные надежды.;La Regina <new_queen> subentra al trono di una terra divisa: su di lei pesano aspettative che spaccano in due l'opinione pubblica.;A rainha <new_queen> entra em cena para governar um reino dividido, com expectativas polarizadas com relação a ela.;
zodiac_leo;Queen <new_queen> takes the throne to high acclaim. Legends of her beauty eclipse all news.;Kraliçe <new_queen> çok beğenilerek tahta geçiyor. Güzelliğinin efsaneleri tüm haberlerin önüne geçiyor.;La Reine <new_queen> monte sur le trône sous les acclamations du peuple. Sa beauté légendaire éclipse tout commentaire malveillant.;La Reina <new_queen> toma el trono bajo una ovación. Las leyendas acerca de su belleza inundan las calles.;大きな賞賛に迎えられ、新女王の+<new_queen>が即位。+絶世の美女として話題をさらった。;<new_queen> 여왕은 찬사와 함께 왕위에 오릅니다. 여왕의 미모가 화제입니다.;<new_queen>王后+在一片欢呼声中走上王座+有关她美貌的传说已经传遍了大街小巷;<new_queen>王后+在一片歡呼聲中走上王座+有關她美貌的傳說已經傳遍了大街小巷;Königin <new_queen> besteigt den Thron unter großem Jubel. Ihre legendäre Schönheit überstrahlt alle Berichte.;Королева <new_queen> восходит на трон под возгласы одобрения. В мире слагают легенды о ее красоте.;La Regina <new_queen> sale al trono tra il plauso generale. Le leggende sulla sua bellezza eclissano qualsiasi altra notizia.;A rainha <new_queen> sobe ao trono com grande aclamação. As lendas sobre a sua beleza tomam conta das notícias.;
zodiac_gemini;Queen <new_queen> starts her reign in a time of great class tension. Her coronation is resented.;Kraliçe <new_queen> yönetimine büyük bir sınıf gerilimi zamanında başlıyor. Taç giyme törenine kızılıyor.;La Reine <new_queen> entame son règne durant de fortes tensions sociales. Son couronnement est fortement décrié.;El reinado de <new_queen> comienza en una época muy convulsa. Su coronación se resiente.;階級闘争の火種がくすぶる中、+女王<new_queen>の+治世が始動。反感をもって迎えられた。;<new_queen> 여왕은 귀족들 간에 긴장이 최고조에 달했을 때 왕위에 오릅니다. 대관식은 생략되었습니다.;<new_queen>王后+继位于阶级矛盾激化的时期+登基大典氤氲着怨念;<new_queen>王后+繼位於階級爭鬥的緊張時期+登基大典瀰漫著怨念;Die Herrschaft von Königin <new_queen> beginnt in einer Zeit großer Spannungen im Volk. Viele lehnen ihre Krönung ab.;Королева <new_queen> начинает правление во времена классового напряжения. Ее коронация возмущает народ.;Il regno della Regina <new_queen> comincia in un periodo di forti conflitti di classe. La sua incoronazione non è gradita.;A rainha <new_queen> começa o reinado num momento de grande tensão social. Sua coroação é vista com maus olhos.;
zodiac_virgo;Queen <new_queen> takes the throne following a long drought that has thrown the economy into chaos.;Kraliçe <new_queen>, ekonomiyi kaosa sürükleyen uzun bir kuraklığın ardından tahta çıkıyor.;La Reine <new_queen> accède au trône à la suite d'une longue sécheresse qui a ruiné le pays.;La Reina <new_queen> toma el trono justo después de una sequía que ha dejado la economía por los suelos.;長い干ばつが国家経済の+大混乱を招いたのち、女王+<new_queen>が即位した。;<new_queen> 여왕의 즉위와 함께 이어진 긴 가뭄은 경제를 혼란에 빠뜨렸습니다.;<new_queen>王后+继位于一场大旱之时+国家经济陷入混沌;<new_queen>王后+繼位於一場大旱之時+國家經濟陷入混沌;Königin <new_queen> übernimmt den Thron nach einer langen Dürre, welche die Wirtschaft ins Chaos gestürzt hat.;Королева <new_queen> восходит на трон после долгой засухи, ввергнувшей экономику страны в хаос.;La Regina <new_queen> sale al trono dopo una lunga siccità che ha messo in ginocchio l'economia.;A rainha <new_queen> sobe ao trono após uma longa seca que provocou o caos na economia.;
zodiac_libra;Queen <new_queen>'s marriage celebration brings a period of national anxiety to a close.;Kraliçe <new_queen>'in evlilik kutlaması, ulusal bir endişe dönemini sona erdiriyor.;La célébration du mariage de la Reine <new_queen> apaise les angoisses du pays.;Las celebraciones de boda de la Reina <new_queen> ponen cierre a un periodo de ansiedad nacional.;女王<new_queen>の+結婚の儀によって、国内に広がる+厭世感はしばし解消された。;<new_queen> 여왕의 결혼행사로 잠시나마 국가의 근심이 덜어졌습니다.;<new_queen>王后+的婚礼庆典平抚了+一段时间以来国内的不安情绪;<new_queen>王后+的婚禮慶典+撫平了這段時期國內的不安情緒;Die Hochzeitsfeierlichkeiten von Königin <new_queen> beenden eine Periode nationaler Befürchtungen.;Королева <new_queen> вступает в брак, и свадебная церемония помогает народу забыть о тревогах.;La celebrazione del matrimonio della Regina <new_queen> mette fine a un periodo di fibrillazione a livello nazionale.;A cerimônia de casamento da rainha <new_queen> coloca um ponto final num período de grande ansiedade nacional.;
zodiac_scorpio;Queen <new_queen> faces an enormous challenge, with religious clashes at their boiling point.;Kraliçe <new_queen>, dini çatışmalar kaynama noktasına geldiğinden büyük bir zorlukla yüzleşiyor.;La Reine <new_queen> doit affronter un défi de taille : apaiser les conflits religieux exacerbés.;La Reina <new_queen> se enfrenta a un desafío enorme, con candentes enfrentamientos religiosos.;宗教的対立が沸点に達する中、+女王<new_queen>が即位。+多くの試練と向き合うことになった。;<new_queen> 여왕은 종교로 인한 분쟁이 폭발하기 직전에 즉위했습니다.;<new_queen>王后+面临严峻的挑战+宗教冲突一触即发;<new_queen>王后+面臨嚴峻的挑戰+宗教衝突一觸即發;Königin <new_queen> steht vor gewaltigen Herausforderungen, da religiöse Konflikte ihren Siedepunkt erreichen.;Королева <new_queen> сталкивается со сложной задачей: религиозные разногласия в стране достигли точки кипения.;La Regina <new_queen> deve affrontare una sfida enorme a causa degli accesi scontri religiosi.;A rainha <new_queen> enfrenta um enorme desafio, com conflitos religiosos prestes a chegar a um ponto de ebulição.;
zodiac_sagittarius;Queen <new_queen> comes to this new land amid a renaissance of optimism and invention.;Kraliçe <new_queen> bu yeni topraklara iyimserlik ve buluş rönesansının ortasında geliyor.;La Reine <new_queen> arrive dans ce pays en pleine renaissance qui a renoué avec l'optimisme et la créativité.;La Reina <new_queen> llega a esta tierra en medio de un resurgir del optimismo y la ciencia.;楽観主義や独創性が+もてはやされる時代に、+女王<new_queen>が+この新たな国へとやってきた。;<new_queen> 여왕은 낙관론과 발명의 르네상스기에 이 땅에 새로이 즉위했습니다.;<new_queen>王后+继位于乐观主义+与发明创造百花齐放的复兴时期;<new_queen>王后+繼位於樂觀主義+與發明創造百花齊放的復興時期;Optimismus und Erfindungsreichtum prägen die Zeit, zu der Königin <new_queen> in dieses neue Land kommt.;Королева <new_queen> прибывает в новую для себя страну в период возрождения оптимизма и изобретательства.;La Regina <new_queen> sale al trono di questo nuovo regno in un periodo che vede la rinascita dell'ottimismo e della creatività.;A rainha <new_queen> chega a este novo reino em meio a uma onda de otimismo e inovações.;
zodiac_capricorn;Queen <new_queen> takes the throne in the hopes of carrying on her family legacy of order.;Kraliçe <new_queen>, ailesinin düzen mirasını taşıma umutlarıyla tahta geçiyor.;La Reine <new_queen> accède au trône avec l'intention de perpétuer la sévère politique de maintien de l'ordre de sa famille.;La Reina <new_queen> toma el trono con la esperanza de perpetuar su legado familiar.;秩序ある一族の血に期待を込め、女王+<new_queen>が即位した。;<new_queen> 여왕은 가족의 명에 따라 전통을 잇기 위해 새로이 즉위했습니다.;<new_queen>王后继位+期望能将她的家族对秩序的传承发扬光大;<new_queen>王后繼位+期望能將她的家族對秩序的傳承發揚光大;Königin <new_queen> besteigt den Thron in der Hoffnung, das Vermächtnis ihrer Familie fortzuführen: Recht und Ordnung.;Королева <new_queen> восходит на трон в надежде продолжить приумножать наследие своей династии.;La Regina <new_queen> sale al trono con la speranza di far fede alla vocazione familiare per il mantenimento dell'ordine.;A rainha <new_queen> ascende ao trono na esperança de estar à altura do legado de ordem deixado por sua família.;
collection;In the same collection...;Aynı koleksiyonda...;Dans la même collection...;En la misma colección...;「REIGNS」シリーズで…;같은 수집품에서…;同一套收藏品中……;同一套收藏品中……;Aus der gleichen Reihe ...;В этой же коллекции…;Nella stessa collezione...;Na mesma coleção...;
crosspromo_reigns;Be the Queen!;Kraliçe Ol!;Incarnez la Reine !;¡Sé la Reina!;女王になろう！;여왕이 되십시오!;成为王后！;成為王后！;Werdet zur Königin!;Станьте королевой!;Diventa Regina!;Seja a Rainha!;
crosspromo_reigns2;Be the King!;Kral Ol!;Incarnez le Roi !;¡Sé el Rey!;王になろう！;왕이 되십시오!;成为国王！;成為國王！;Werdet zum König!;Станьте королем!;Diventa Re!;Seja o Rei!;
headphones;Headphones recommended;Kulaklık önerilir;Casque audio recommandé;Auriculares recomendados;ヘッドフォン推奨;헤드폰 사용 권장;建议佩戴耳机;建議佩戴耳機;Kopfhörer empfohlen;Рекомендуется играть в наушниках;Cuffie suggerite;Recomendamos o uso de fones de ouvido;
writingby;Writing;Yazan;Écriture;Escritura;ライター;스토리 제작;撰写;撰寫;Texte;Сценарий;Scritto da;Roteiro;
haptic;Vibrations;Titreşim;Vibrations;Vibraciones;振動;진동;震动;震動;Vibration;Вибрация;Vibrazione;Vibrações;
cloudsave;It seems a more advanced game is stored on iCloud, do you want to restore it?;Icloud'da daha kapsamlı bir oyun kayıtlı görünüyor, onu indirmek ister misin?;Il semble qu'une partie plus avancée soit disponible sur iCloud, voulez-vous la restaurer ?;Parece que un juego más completo está almacenado en iCloud, ¿quieres recuperarlo?;iCloud上に、より先まで進んでいるゲームが保存されているようです。レストアしますか？;iCloud에서 더 높은 진행도의 저장 파일이 발견되었습니다. 복원을 위해 불러오시겠습니까?;我们发现您在云端有更新进度的存档+您是否想要恢复该存档+以覆盖现有的游戏进度？;我們發現您在雲端有更新進度的存檔+您是否想要恢複該存檔+以覆蓋現有的遊戲進度？;Auf iCloud scheint ein späterer Spielstand gespeichert zu sein. Soll er wiederhergestellt werden?;В iCloud есть игра с большим прогрессом, хотите загрузить ее?;Sembra che sull'iCloud sia memorizzata una partita più avanzata, ripristinarla?;Há um jogo mais avançado armazenado no iCloud. Deseja restaurá-lo?;
action_inventory;INVENTORY;ENVANTER;INVENTAIRE;INVENTARIO;インベントリ;인벤토리;库存;庫存;INVENTAR;ИНВЕНТАРЬ;INVENTARIO;INVENTÁRIO;
frprincess_generic;The Frog Princess;Kurbağa Prenses;La Princesse Grenouille;La Princesa Rana;カエル姫;개구리 공주;青蛙公主;青蛙公主;Die Froschprinzessin;Принцесса-лягушка;La Principessa ranocchia;A Princesa Sapo;
frprincess;Princess <...>;Prenses <...>;Princesse <...>;Princesa;<...>姫;<...> 공주;<…>公主;<…>公主;Prinzessin <...>;Принцесса <...>;Principessa <...>;Princesa <...>;
;Paula;Paula;Paula;;ポーラ;파울라;葆拉;寶拉;Paula;Паула;Paula;Paula;
;Petra;Petra;Petra;;ペトラ;페트라;佩特拉;佩特拉;Petra;Петра;Petra;Petra;
;Pippa;Pippa;Pippa;Pipa;リッパ;핍파;佩帕;佩帕;Pippa;Пиппа;Pippa;Pippa;
;Pamela;Pamela;Pamela;;パメラ;파멜라;帕梅拉;潘蜜拉;Pamela;Памела;Pamela;Pâmela;
;Pardi;Pardi;Pardi;Pardilla;パーディ;파르디;帕荻;帕荻;Pardi;Парди;Pardi;Pardi;
frog_generic;The Frog;Kurbağa;La Grenouille;La Rana;カエル;개구리;青蛙;青蛙;Der Frosch;Лягушка;La Rana;O Sapo;
frog;<...>;<...>;<...>;<...>;<...>;<...>;<...>;<...>;<...>;<...>;<...>;<...>;
;Blubs;Vır;Glob;Blupinia;ブラブス;블럽스;咕咕;咕咕;Glitschi;Бульк;Verdina;Blubs;
;Ribits;Vırak;Flop;Ribitinia;リビッツ;리비츠;呱呱;呱呱;Quaks;Ква-ква;Cracra;Ribits;
;Squinch;Squinch;Koa;Babisia;スクインチ;스퀴니치;咕噜;咕嚕;Glubsch;Брекеке;Salterina;Squinch;
vampire_generic;The Vampire;Vampir;Le Vampire;El Vampiro;吸血鬼;뱀파이어;吸血鬼;吸血鬼;Der Vampir;Вампир;Il vampiro;O Vampiro de <places>;
vampire;Lord <...>;Lort <...>;Seigneur <...>;Señor <...>;<...>卿;<...> 공;<…>公爵;<…>公爵;Fürst <...>;Лорд <...>;Lord <...>;Lorde <...>;
;Lacina;Lacina;Lacina;Lascivia;ラシーナ;라시나;拉齐纳;拉齊納;Lacina;Ласина;Lacina;Lacina;
;DuPont;DuPont;DuPont;Del Pontón;デュポン;뒤퐁;杜邦;杜邦;DuPont;Дюпон;DuPont;DuPont;
;Alexandre;Alexandre;Alexandre;Alejandro;アレクサンドル;알렉산더;亚历山德烈;亞歷山大;Alexandre;Александр;Alexandro;Alexandre;
;Vermillion;Vermillion;Vermillion;Bermellón;ヴァーミリオン;버밀리언;维尔米利翁;維爾米利歐;Vermillion;Вермильон;Vermillion;Vermillion;
alchemist_generic;The Alchemist;Simyacı;L'Alchimiste;La Alquimista;錬金術師;연금술사;炼金术士;煉金術士;Die Alchemistin;Алхимик;L'Alchimista;A Alquimista;
alchemist;Mistress <...>;Bayan <...>;Savante <...>;Señora <...>;<...>師;<...> 여사;<…>夫人;<…>夫人;Meisterin <...>;Госпожа <...>;Signora <...>;Senhora <...>;
;Chrysopoeia;Chrysopoeia;Chrysopoeia;Crisopea;クリソペイア;크리소피아;克丽索皮娅;克麗索皮雅;Chrysopoeia;Хризопея;Chrysopoeia;Chrisopopeia;
;Parasmani;Parasmani;Parasmani;;パラスマーニ;파라스마니;帕拉斯玛尼;帕拉斯瑪尼;Parasmani;Парасмани;Parasmani;Parasmani;
;Melchiore;Melchiore;Melchiore;Melchora;メルチオール;멜키오르;梅尔柯丽尔;梅爾柯麗爾;Melchiore;Мельхиора;Melchiore;Melquiora;
;Antimonia;Antimonia;Antimonia;Flor Muerta;アンティモニア;안티모니아;安提莫尼亚;安提莫尼亞;Antimonia;Антимония;Antimonia;Antimônia;
;Rupescissa;Rupescissa;Rupescissa;;ルペシッサ;뤼페시사;鲁佩西斯卡;魯佩西斯卡;Rupescissa;Рупесцисса;Rupescissa;Rupescissa;
memento_prison;<last_queen>'s wistful death will forever be studied by historians.;<last_queen>'nin hasret dolu ölümü sonsuza dek tarihçilerin araştırma konusu olacak.;La triste mort de <last_queen> fera l'objet d'interminables débats chez les historiens.;La nostálgica muerte de <last_queen> será objeto de estudio para los historiadores durante siglos.;<last_queen>の物悲しい死は+未来永劫、歴史家たちに+研究されることになった。;<last_queen>의 안타까운 죽음은 영원히 역사학적 미제로 남을 것입니다.;<last_queen>的突然离世将永远成为历史学家热衷的研究话题;<last_queen>的突然離世將永遠成為歷史學家熱衷的研究話題;Der schwermütige Tod von <last_queen> wird ewig von Historikern analysiert.;<last_queen> скончалась в тоске, и историки не перестанут изучать обстоятельства этой смерти.;Gli storici studieranno per sempre la triste morte di <last_queen>.;O melancólico fim de <last_queen> será estudado para sempre pelos historiadores.;
memento_romance;<last_queen>'s death will forever be a cautionary tale to wayward girls.;<last_queen>'nin ölümü sonsuza dek dik başlı kızlar için eğitici bir öykü olacak.;L'histoire de la mort de <last_queen> servira de mise en garde pour les jeunes filles rebelles.;La muerte de <last_queen> servirá siempre como un cuento aleccionador para las jovencitas rebeldes.;<last_queen>の死は、+放蕩娘たちにとって+永遠の教訓譚となった。;<last_queen>의 죽음은 영원토록 말괄량이 여자아이들에게 경고로 남을 것입니다.;<last_queen>之死将永远被当成吓人故事警告不听话的小姑娘;<last_queen>之死將永遠被當成嚇人故事警告不聽話的小女孩;Der Tod von <last_queen> dient widerspenstigen Mädchen ewig als warnendes Beispiel.;<last_queen>: смерть ее навсегда останется предостережением для своенравных девиц.;La morte di <last_queen> servirà per sempre da monito per le ragazze più ribelli.;A morte de <last_queen> servirá para sempre como lição de moral para garotas rebeldes.;
memento_queenvamp;<last queen> died a demon, forever appearing illustrated manuscripts.;<last queen> bir iblis olarak öldü, sonsuza dek yazmalarda resimlenecek.;La mort de <last queen>, sous la forme d'une créature démoniaque, inspirera de nombreux illustrateurs de manuscrits.;<last_queen> murió convertida en un demonio, haciendo para siempre acto de presencia en los manuscritos ilustrados.;<last queen>は+死んで悪魔と化し、+その姿は文献の挿絵となって+後世へと受け継がれた。;<last queen>은 악마에게 죽었으며, 영원토록 기록에 남을 것입니다.;<last_queen>死时被人民视作恶魔，不断出现在各类配图手稿中;<last_queen>死時被人民視作惡魔，不斷出現在各類插畫手稿中;<last queen> starb als Dämonin, ewig so in bebilderten Handschriften dargestellt.;<last queen> умерла в обличье демона, и образ ее до скончания веков рисовали на страницах манускриптов.;<last queen> morì come un demone e apparirà per sempre nei manoscritti illustrati.;<last queen> morreu como um demônio, sendo retratada para sempre em manuscritos ilustrados.;
memento_latrine;<last queen>'s inglorious death will forever be a comedy punchline.;<last queen>'nin utanç verici ölümü sonsuza dek komedilerde kullanılacak.;La mort peu glorieuse de <last queen> inspirera des générations de conteurs d'histoires drôles.;La muerte sin gloria de <last_queen> será vista eternamente como el chiste final de una gloriosa comedia.;<last queen>の不名誉な死は、+喜劇のオチとなって+永遠に語り継がれた。;<last queen>의 수치스러운 죽음은 희극 구절로 영원토록 남을 것입니다.;<last_queen>死得憋屈，被人们当成笑柄编入喜剧，千古流传;<last_queen>死得不光彩，被人們當成笑柄編入喜劇，千古流傳;Der unrühmliche Tod von <last queen> ist ewig eine Pointe von Scherzen.;<last queen>: ее бесславная смерть навсегда останется предметом для шуток комедиантов.;La morte vergognosa di <last queen> sarà per sempre motivo di scherno.;A inglória morte de <last queen> se tornará motivo de piada para sempre.;
memento_vamp;<last_queen>'s bloody surrender will forever be the stuff of horror films.;<last_queen>'nin kanlı boyun eğişi sonsuza dek korku filmlerine konu olacak.;La mort sanglante de <last_queen> inspirera de nombreux films d'épouvante.;La sangrienta rendición de <last_queen> será eternamente material para nuevas películas de terror.;<last_queen>の+血みどろの降伏は、+ホラー映画の題材として+永遠に語り継がれた。;<last_queen>의 피비린내나는 죽음은 공포 영화의 소재로써 영원토록 남을 것입니다.;<last_queen>投降的场面十分血腥，后世恐怖电影经常致敬这一桥段;<last_queen>投降的場面十分血腥，後世恐怖電影經常致敬這一橋段;Die blutige Unterwerfung von <last_queen> wird ewig in Horrorfilmen dargestellt.;<last_queen>: смерть ее была такой кровавой, что о ней не перестанут снимать фильмы ужасов.;La resa sanguinosa di <last_queen> sarà sempre materiale per film horror.;A rendição sangrenta de <last_queen> será representada para sempre em filmes de terror.;
;Transformations Update! 200 new cards, 3 new characters and 5 new deaths.;Dönüşüm Güncellemesi! 200 yeni kart, 3 yeni karakter ve 5 yeni ölüm.;Mise à jour 'Transformations' ! 200 nouvelles cartes, 3 nouveaux personnages et 5 nouvelles morts.;¡Actualización 'Transformaciones'! 200 cartas nuevas, 3 personajes nuevos y 5 muertes nuevas.;「Transformations」アップデート！ 200枚の新カード、3人の新キャラクター、5つの新たな最期。;새단장 업데이트! 200장의 새로운 카드와 3명의 새 캐릭터, 5가지 죽음이 여러분을 기다립니다.;;;Update "Verwandlungen"! 200 neue Karten, 3 neue Charaktere und 5 neue Tode.;Обновление «Трансформации»! 200 новых карт, 3 новых персонажа и 5 новых смертей.;Aggiornamento trasformazioni! 200 nuove carte, 3 personaggi inediti e 5 morti mai viste!;Atualização: Transformações! 200 cartas novas, 3 personagens novos e 5 mortes novas.;
null;(don't translate that);;;;;;;;;;;;