bearer;id;type;description;firstname;firstname_tu;firstname_fr;firstname_es;firstname_jp;firstname_ko;firstname_sc;firstname_tc;firstname_de;firstname_ru;firstname_it;firstname_bp;generated;generated_tu;generated_fr;generated_es;generated_jp;generated_ko;generated_sc;generated_tc;generated_de;generated_ru;generated_it;generated_bp;name;name_tu;name_fr;name_es;name_jp;name_ko;name_sc;name_tc;name_de;name_ru;name_it;name_bp;title;title_tu;title_fr;title_es;title_jp;title_ko;title_sc;title_tc;title_de;title_ru;title_it;title_bp
wight;;;;;;;;;;;;;;;;? ? ?;;;;;;;;;;;;The Wight;;Le spectre;La creatura;;;;;Der Wiedergänger;Вихт;Il Non-Morto;A criatura;;;;;;;;;;;;
wall;111;special;;;;;;;;;;;;;;On the Wall;;Sur le Mur;En el Muro;壁の上;장벽 위;长城顶上;長城頂上;Auf der Mauer;На Стене;Sulla Barriera;Na Muralha;The Wall;;Le Mur;El Muro;壁;장벽;长城;長城;Die Mauer;Стена;La Barriera;A Muralha;;;;;;;;;;;;
cell;108;special;;;;;;;;;;;;;;A cell;;Une cellule;Una celda;独房;감옥;牢房;牢房;Eine Zelle;Камера;Una cella;Uma cela;The Cell;;La cellule;La celda;独房;감옥;牢房;牢房;Die Zelle;Камера;La cella;A cela;;;;;;;;;;;;
jailor;110;individual;;;;;;;;;;;;;;Jeor;;Jéor;Jeoro;ジェオル;제오;杰奥;傑奧;Jeor;Джеор;Jeor;Jeor;The Jailor;;Le Geôlier;El carcelero;看守;간수;狱卒;獄卒;Der Kerkermeister;Тюремщик;Il carceriere;O Carcereiro;Jailor;;Geôlier;Carcelero;看守;간수;狱卒;獄卒;Kerkermeister;Тюремщик;Carceriere;Carcereiro
coins;1;function;Male of female. Office that can be assumed by be different people.;;;;;;;;;;;;;;;;;;;;;;;;;The Master of Coin;;[Le Grand Argentier%La Grande Argentière];[El Consejero%La Consejera] de la Moneda;大蔵大臣;재무대신;财政大臣;財政大臣;[Der Meister%Die Meisterin] der Münze;Мастер над монетой;Il Maestro del Conio;[O Mestre%A Mestra] da Moeda;Master of Coin;;[Grand Argentier%Grande Argentière];[Consejero%Consejera] de la Moneda;大蔵大臣;재무대신;财政大臣;財政大臣;[Meister%Meisterin] der Münze;Мастер над монетой;Maestro del Conio;[Mestre%Mestra] da Moeda
grand_maester;3;function;Male.;;;;;;;;;;;;;;;;;;;;;;;;;The Grand Maester;;Le Grand Mestre;El Gran Maestre;グランドメイスター;그랜드 마에스터;大学士;大學士;Der Großmaester;Великий мейстер;Il Gran Maestro;O Grande Meistre;Grand Maester;;Grand Mestre;Gran Maestre;グランドメイスター;그랜드 마에스터;大学士;大學士;Großmaester;Великий мейстер;Gran Maestro;Grande Meistre
hand;2;function;Male or female.;;;;;;;;;;;;;;;;;;;;;;;;;The Hand;;La Main;La Mano;王の手;핸드;御前首相;御前首相;Die Hand;Десница;Il Primo Cavaliere;[O%A] Mão;Hand of the (King*Queen);;Main (du Roi*de la Reine);Mano (del Rey*de la Reina);(王*女王)の手;(왕*여왕)의 핸드;(国王*女王)之手;(國王*女王)之手;Hand (des Königs*der Königin);Десница (короля*королевы);Primo Cavaliere (del Re*della Regina);Mão (do Rei*da Rainha)
high_septon;62;function;Male and pious.;;;;;;;;;;;;;;;;;;;;;;;;;The High Septon;;Le Grand Septon;El Septón Supremo;ハイ・セプトン;하이 셉톤;总主教;總主教;Der Hohe Septon;Верховный септон;L'Alto Septon;O Alto Septão;High Septon;;Grand Septon;Septón Supremo;ハイ・セプトン;하이 셉톤;总主教;總主教;Hoher Septon;Верховный септон;Alto Septon;Alto Septão
spider;4;function;Male of female.;;;;;;;;;;;;;;;;;;;;;;;;;The Spider;;L'Araignée;La Araña;スパイダー;스파이더;八爪蜘蛛;八爪蜘蛛;Die Spinne;Паук;Il Ragno;[O%A] Aranha;Master of Whisperers;;[Maître%Maîtresse] des Chuchoteurs;[Consejero%Consejera] de los Rumores;諜報大臣;첩보대신;情报大臣;情報大臣;[Meister%Meisterin] der Flüsterer;Мастер над шептунами;Maestro dei Sussurri;[Mestre%Mestra] dos Sussurros
courtesan;94;generated;Female and people.;;;;;;;;;;;;;<essos_first_female>;;<essos_first_female>;<essos_first_female>;<essos_first_female>;<essos_first_female>;<essos_first_female>;<essos_first_female>;<essos_first_female>;<essos_first_female>;<essos_first_female>;<essos_first_female>;The Courtesan;;La Courtisane;La Cortesana;高級売春婦;춘희;交际花;交際花;Die Kurtisane;Проститутка;La cortigiana;A Cortesã;Courtesan;;Courtisane;Cortesana;高級売春婦;춘희;交际花;交際花;Kurtisane;Проститутка;Cortigiana;Cortesã
little_bird;95;generated;Undefined. If you have to choose, male.;;;;;;;;;;;;;<little_bird>;;<little_bird>;<little_bird>;<little_bird>;<little_bird>;<little_bird>;<little_bird>;<little_bird>;<little_bird>;<little_bird>;<little_bird>;The Little Bird;;Le petit oiseau;El Pajarito;リトルバード;작은 새;小小鸟儿;小小鳥兒;Der kleine Vogel;Пташка;L'uccellino;O Passarinho;Little bird;;Petit oiseau;Pajarito;リトルバード;작은 새;小小鸟儿;小小鳥兒;Kleiner Vogel;Пташка;Uccellino;Passarinho
maester;17;generated;Male.;;;;;;;;;;;;;Maester <west_first_male>;;Mestre <west_first_male>;Maestre <west_first_male>;メイスター・<west_first_male>;마에스터 <west_first_male>;<west_first_male>大学士;<west_first_male>大學士;Maester <west_first_male>;Мейстер <west_first_male>;Maestro <west_first_male>;Meistre <west_first_male>;The Maester;;Le mestre;El Maestre;メイスター;마에스터;学士;學士;Der Maester;Мейстер;Il Maestro;O Meistre;Maester;;Mestre;Maestre;メイスター;마에스터;学士;學士;Maester;Мейстер;Maestro;Meistre
septon;44;generated;Male and pious;;;;;;;;;;;;;<west_first_male> <west_last>;;<west_first_male> <west_last>;<west_first_male> <west_last>;<west_first_male>・<west_last>;<west_first_male> <west_last>;<west_first_male> <west_last>;<west_first_male> <west_last>;<west_first_male> <west_last>;<west_first_male> <west_last>;<west_first_male> <west_last>;<west_first_male> <west_last>;The Septon;;Le septon;El Septón;セプトン;셉톤;主教;主教;Der Septon;Септон;Il Septon;O Septão;Septon;;Septon;Septón;セプトン;셉톤;主教;主教;Septon;Септон;Septon;Septão
soldier;16;generated;Male and military.;;;;;;;;;;;;;<west_first_male> <west_last>;;<west_first_male> <west_last>;<west_first_male> <west_last>;<west_first_male>・<west_last>;<west_first_male> <west_last>;<west_first_male> <west_last>;<west_first_male> <west_last>;<west_first_male> <west_last>;<west_first_male> <west_last>;<west_first_male> <west_last>;<west_first_male> <west_last>;The Soldier;;Le soldat;El Soldado;兵士;병사;士兵;士兵;Der Soldat;Солдат;Il soldato;O Soldado;Soldier;;Soldat;Soldado;兵士;병사;士兵;士兵;Soldat;Солдат;Soldato;Soldado
arryn;49;house;Male and noble. Character linked to house Arryn (cf below).;;;;;;;;;;;;;;;;;;;;;;;;;;;;;;;;;;;;;House Arryn;;Maison Arryn;Casa Arryn;アリン家;아린 가문;艾林家族;艾林家族;Haus Arryn;Дом Арренов;Casa Arryn;Casa Arryn
arryn_male;83;individual;Male and noble.;;;;;;;;;;;;;Lord <west_first_male>;;Lord <west_first_male>;Lord <west_first_male>;<west_first_male>公;<west_first_male> 경;<west_first_male>大人;<west_first_male>大人;Lord <west_first_male>;Лорд <west_first_male>;Lord <west_first_male>;Lorde <west_first_male>;House Arryn;;Maison Arryn;Casa Arryn;アリン家;아린 가문;艾林家族;艾林家族;Haus Arryn;Дом Арренов;Casa Arryn;Casa Arryn;House Arryn;;Maison Arryn;Casa Arryn;アリン家;아린 가문;艾林家族;艾林家族;Haus Arryn;Дом Арренов;Casa Arryn;Casa Arryn
greyjoy;25;house;Male. House greyjoy.;;;;;;;;;;;;;;;;;;;;;;;;;;;;;;;;;;;;;House Greyjoy;;Maison Greyjoy;Casa Greyjoy;グレイジョイ家;그레이조이 가문;葛雷乔伊家族;葛雷喬伊家族;Haus Graufreud;Дом Грейджоев;Casa Greyjoy;Casa Greyjoy
greyjoy_male;72;individual;Male.;;;;;;;;;;;;;Lord <west_first_male>;;Lord <west_first_male>;Lord <west_first_male>;<west_first_male>公;<west_first_male> 경;<west_first_male>大人;<west_first_male>大人;Lord <west_first_male>;Лорд <west_first_male>;Lord <west_first_male>;Lorde <west_first_male>;House Greyjoy;;Maison Greyjoy;Casa Greyjoy;グレイジョイ家;그레이조이 가문;葛雷乔伊家族;葛雷喬伊家族;Haus Graufreud;Дом Грейджоев;Casa Greyjoy;Casa Greyjoy;House Greyjoy;;Maison Greyjoy;Casa Greyjoy;グレイジョイ家;그레이조이 가문;葛雷乔伊家族;葛雷喬伊家族;Haus Graufreud;Дом Грейджоев;Casa Greyjoy;Casa Greyjoy
lannister;11;house;Male or female, noble. Characters linked to house Lannister.;;;;;;;;;;;;;;;;;;;;;;;;;;;;;;;;;;;;;House Lannister;;Maison Lannister;Casa Lannister;ラニスター家;라니스터 가문;兰尼斯特家族;蘭尼斯特家族;Haus Lennister;Дом Ланнистеров;Casa Lannister;Casa Lannister
lannister_male;65;individual;Male and noble.;;;;;;;;;;;;;Lord <west_first_male>;;Lord <west_first_male>;Lord <west_first_male>;<west_first_male>公;<west_first_male> 경;<west_first_male>大人;<west_first_male>大人;Lord <west_first_male>;Лорд <west_first_male>;Lord <west_first_male>;Lorde <west_first_male>;House Lannister;;Maison Lannister;Casa Lannister;ラニスター家;라니스터 가문;兰尼斯特家族;蘭尼斯特家族;Haus Lennister;Дом Ланнистеров;Casa Lannister;Casa Lannister;House Lannister;;Maison Lannister;Casa Lannister;ラニスター家;라니스터 가문;兰尼斯特家族;蘭尼斯特家族;Haus Lennister;Дом Ланнистеров;Casa Lannister;Casa Lannister
martell;8;house;Female. House Martell.;;;;;;;;;;;;;;;;;;;;;;;;;;;;;;;;;;;;;House Martell;;Maison Martell;Casa Martell;マーテル家;마르텔 가문;马泰尔家族;馬泰爾家族;Haus Martell;Дом Мартелл;Casa Martell;Casa Martell
martell_female;102;individual;Female.;;;;;;;;;;;;;Meria Sand;;Méria Sand;Meria Arena;メリア・サンド;메리아 샌드;梅莉亚·沙德;梅莉亞·沙德;Meria Sand;Мерия Сэнд;Meria Sand;Meria Sand;House Martell;;Maison Martell;Casa Martell;マーテル家;마르텔 가문;马泰尔家族;馬泰爾家族;Haus Martell;Дом Мартелл;Casa Martell;Casa Martell;House Martell;;Maison Martell;Casa Martell;マーテル家;마르텔 가문;马泰尔家族;馬泰爾家族;Haus Martell;Дом Мартелл;Casa Martell;Casa Martell
stark;12;house;Male or female, noble. Characters linked to house Stark. ;;;;;;;;;;;;;;;;;;;;;;;;;;;;;;;;;;;;;House Stark;;Maison Stark;Casa Stark;スターク家;스타크 가문;;;Haus Stark;Дом Старков;Casa Stark;Casa Stark
stark_male;66;individual;Male, house humber.;;;;;;;;;;;;;Lord <west_first_male>;;Lord <west_first_male>;Lord <west_first_male>;<west_first_male>公;<west_first_male> 경;<west_first_male>大人;<west_first_male>大人;Lord <west_first_male>;Лорд <west_first_male>;Lord <west_first_male>;Lorde <west_first_male>;House Umber;;Maison Umber;Casa Umber;アンバー家;움버 가문;安柏家族;安柏家族;Haus Umber;Дом Амберов;Casa Umber;Casa Umber;House Umber;;Maison Umber;Casa Umber;アンバー家;움버 가문;安柏家族;安柏家族;Haus Umber;Дом Амберов;Casa Umber;Casa Umber
targaryen;13;house;Female. House Targaryen (Daenerys).;;;;;;;;;;;;;;;;;;;;;;;;;;;;;;;;;;;;;House Targaryen;;Maison Targaryen;Casa Targaryen;ターガリエン家;타르가르옌 가문;坦格利安家族;坦格利安家族;Haus Targaryen;Дом Таргариенов;Casa Targaryen;Casa Targaryen
tully;30;house;Male and noble. House Tully.;;;;;;;;;;;;;;;;;;;;;;;;;;;;;;;;;;;;;House Tully;;Maison Tully;Casa Tully;タリー家;툴리 가문;徒利家族;徒利家族;Haus Tully;Дом Талли;Casa Tully;Casa Tully
tully_male;100;individual;Male and noble.;;;;;;;;;;;;;Lord <west_first_male>;;Lord <west_first_male>;Lord <west_first_male>;<west_first_male>公;<west_first_male> 경;<west_first_male>大人;<west_first_male>大人;Lord <west_first_male>;Лорд <west_first_male>;Lord <west_first_male>;Lorde <west_first_male>;House Tully;;Maison Tully;Casa Tully;タリー家;툴리 가문;徒利家族;徒利家族;Haus Tully;Дом Талли;Casa Tully;Casa Tully;House Tully;;Maison Tully;Casa Tully;タリー家;툴리 가문;徒利家族;徒利家族;Haus Tully;Дом Талли;Casa Tully;Casa Tully
tyrell;10;house;Female and noble. House Tyrell.;;;;;;;;;;;;;;;;;;;;;;;;;;;;;;;;;;;;;House Tyrell;;Maison Tyrell;Casa Tyrell;タイレル家;티렐 가문;提利尔家族;提利爾家族;Haus Tyrell;Дом Тиреллов;Casa Tyrell;Casa Tyrell
tyrell_female;69;individual;Female and noble.;;;;;;;;;;;;;Lady <west_first_female>;;Lady <west_first_female>;Lady <west_first_female>;レディ・<west_first_female>;레이디 <west_first_female>;<west_first_male>大人;<west_first_male>大人;Lady <west_first_female>;Леди <west_first_female>;Lady <west_first_female>;Lady <west_first_female>;House Tyrell;;Maison Tyrell;Casa Tyrell;タイレル家;티렐 가문;提利尔家族;提利爾家族;Haus Tyrell;Дом Тиреллов;Casa Tyrell;Casa Tyrell;House Tyrell;;Maison Tyrell;Casa Tyrell;タイレル家;티렐 가문;提利尔家族;提利爾家族;Haus Tyrell;Дом Тиреллов;Casa Tyrell;Casa Tyrell
archer;97;individual;Male. Only used in battles.;;;;;;;;;;;;;<west_first_male> <west_last>;;<west_first_male> <west_last>;<west_first_male> <west_last>;<west_first_male>・<west_last>;<west_first_male> <west_last>;<west_first_male> <west_last>;<west_first_male> <west_last>;<west_first_male> <west_last>;<west_first_male> <west_last>;<west_first_male> <west_last>;<west_first_male> <west_last>;The Archer;;L'archer;El Arquero;弓兵;궁사;弓箭手;弓箭手;Der Bogenschütze;Лучник;L'arciere;O Arqueiro;Archer;;Archer;Arquero;弓兵;궁사;弓箭手;弓箭手;Bogenschütze;Лучник;Arciere;Arqueiro
arya;46;individual;Female. Talent from the show. As a ruler, she takes Cersei's place on the throne (that's why most of her cards are written as if she was Cersei).;Arya;;Arya;Arya;アリア;아리아;艾莉亚;艾莉亞;Arya;Арья;Arya;Arya;Arya;;Arya;Arya;アリア;아리아;艾莉亚;艾莉亞;Arya;Арья;Arya;Arya;Arya Stark;;Arya Stark;Arya Stark;アリア・スターク;아리아 스타크;艾莉亚·史塔克;艾莉亞·史塔克;Arya Stark;Арья Старк;Arya Stark;Arya Stark;;;;;;;;;;;;
banker;82;individual;Male. Iron Bank representative. Demonstrative and obsequious but dangerous.;;;;;;;;;;;;;<essos_first_male> <essos_last>;;<essos_first_male> <essos_last>;<essos_first_male> <essos_last>;<essos_first_male>・<essos_last>;<essos_first_male> <essos_last>;<essos_first_male> <essos_last>;<essos_first_male> <essos_last>;<essos_first_male> <essos_last>;<essos_first_male> <essos_last>;<essos_first_male> <essos_last>;<essos_first_male> <essos_last>;The Banker;;Le banquier;El Banquero;銀行家;은행가;银行家;銀行家;Der Bankier;Банкир;Il banchiere;O Banqueiro;Banker;;Banquier;Banquero;銀行家;은행가;银行家;銀行家;Bankier;Банкир;Banchiere;Banqueiro
blacksmith;36;individual;Male and people. Represents the blacksmith of the street of steels. Later in the game he's revealed to be Gendry in hiding.;;;;;;;;;;;;;<west_first_male> <west_last>;;<west_first_male> <west_last>;<west_first_male> <west_last>;<west_first_male>・<west_last>;<west_first_male> <west_last>;<west_first_male> <west_last>;<west_first_male> <west_last>;<west_first_male> <west_last>;<west_first_male> <west_last>;<west_first_male> <west_last>;<west_first_male> <west_last>;The Blacksmith;;Le forgeron;El Herrero;鍛冶師;대장장이;铁匠;鐵匠;Der Schmied;Кузнец;Il fabbro;O Ferreiro;Blacksmith;;Forgeron;Herrero;鍛冶師;대장장이;铁匠;鐵匠;Schmied;Кузнец;Fabbro;Ferreiro
cersei;55;individual;Female and Lannister. Talent from the show.;Cersei;;Cersei;Cersei;サーセイ;세르세이;瑟曦;瑟曦;Cersei;Серсея;Cersei;Cersei;Queen Cersei;;Reine Cersei;Reina Cersei;サーセイ女王;세르세이 여왕;瑟曦女王;瑟曦女王;Königin Cersei;Королева Серсея;Regina Cersei;Rainha Cersei;Cersei Lannister;;Cersei Lannister;Cersei Lannister;サーセイ・ラニスター;세르세이 라니스터;瑟曦·兰尼斯特;瑟曦·蘭尼斯特;Cersei Lennister;Серсея Ланнистер;Cersei Lannister;Cersei Lannister;;;;;;;;;;;;
clegane;56;individual;Male. Talent from the show, the Hound.;;;;;;;;;;;;;Sandor Clegane;;Sandor Clegane;Sandor Clegane;サンダー・クレゲイン;산도르 클리게인;桑铎·克里冈;桑鐸·克里岡;Sandor Clegane;Сандор Клиган;Sandor Clegane;Sandor Clegane;Sandor Clegane;;Sandor Clegane;Sandor Clegane;サンダー・クレゲイン;산도르 클리게인;桑铎·克里冈;桑鐸·克里岡;Sandor Clegane;Сандор Клиган;Sandor Clegane;Sandor Clegane;;;;;;;;;;;;
commoner_female;85;individual;Female and people. Smallfolk, various uses.;;;;;;;;;;;;;<west_first_female> <west_last>;;<west_first_female> <west_last>;<west_first_female> <west_last>;<west_first_female>・<west_last>;<west_first_female> <west_last>;<west_first_female> <west_last>;<west_first_female> <west_last>;<west_first_female> <west_last>;<west_first_female> <west_last>;<west_first_female> <west_last>;<west_first_female> <west_last>;The Laundress;;La lavandière;La Lavandera;洗濯女;세탁부;洗衣妇;洗衣婦;Die Wäscherin;Прачка;La lavandaia;A Lavadeira;Smallfolk;;Villageoise;Pueblo llano;小人;소시민;平民;平民;Gemeines Volk;Крестьяне;Popolino;Camponesa
commoner_male;84;individual;Male and people. Smallfolk, various uses.;;;;;;;;;;;;;<west_first_male> <west_last>;;<west_first_male> <west_last>;<west_first_male> <west_last>;<west_first_male>・<west_last>;<west_first_male> <west_last>;<west_first_male> <west_last>;<west_first_male> <west_last>;<west_first_male> <west_last>;<west_first_male> <west_last>;<west_first_male> <west_last>;<west_first_male> <west_last>;The Smallfolk;;Le villageois;El Tipo Corriente;小人;소시민;平民;平民;Das gemeine Volk;Крестьяне;Il popolino;O Camponês;Smallfolk;;Villageois;Pueblo llano;小人;소시민;平民;平民;Gemeines Volk;Крестьяне;Popolino;Camponês
cook;38;individual;Male and people. Adress the King or Queen in peculiar ways (like "your Magnanimity").;;;;;;;;;;;;;<west_first_male> <west_last>;;<west_first_male> <west_last>;<west_first_male> <west_last>;<west_first_male>・<west_last>;<west_first_male> <west_last>;<west_first_male> <west_last>;<west_first_male> <west_last>;<west_first_male> <west_last>;<west_first_male> <west_last>;<west_first_male> <west_last>;<west_first_male> <west_last>;The Cook;;Le cuisinier;El Cocinero;料理人;요리사;厨子;廚子;Der Koch;Повар;Il cuoco;O Cozinheiro;Cook;;Cuisinier;Cocinero;料理人;요리사;厨子;廚子;Koch;Повар;Cuoco;Cozinheiro
crow;5;individual;Male. Representative of the Night's Watch.;;;;;;;;;;;;;<west_first_male> <west_last>;;<west_first_male> <west_last>;<west_first_male> <west_last>;<west_first_male>・<west_last>;<west_first_male> <west_last>;<west_first_male> <west_last>;<west_first_male> <west_last>;<west_first_male> <west_last>;<west_first_male> <west_last>;<west_first_male> <west_last>;<west_first_male> <west_last>;The Crow;;Le corbeau;El Cuervo;カラス;까마귀;乌鸦;烏鴉;Die Krähe;Ворона;Il Corvo;O Corvo;Black brother;;Frère noir;Hermano Negro;黒き兄弟;블랙 브라더;守夜人兄弟;守夜人兄弟;Schwarzer Bruder;Черный брат;Fratello Nero;Irmão da Patrulha
daenerys;47;individual;Female and Targaryen. Talent from the show.;Daenerys;;Daenerys;Daenerys;デナーリス;대너리스;丹妮莉丝;丹妮莉絲;Daenerys;Дейнерис;Daenerys;Daenerys;Queen Daenerys;;Reine Daenerys;Reina Daenerys;デナーリス女王;대너리스 여왕;丹妮莉丝女王;丹妮莉絲女王;Königin Daenerys;Королева Дейнерис;Regina Daenerys;Rainha Daenerys;Daenerys Targaryen;;Daenerys Targaryen;Daenerys Targaryen;デナーリス・ターガリエン;대너리스 타르가르옌;丹妮莉丝·坦格利安;丹妮莉絲·坦格利安;Daenerys Targaryen;Дейнерис Таргариен;Daenerys Targaryen;Daenerys Targaryen;;;;;;;;;;;;
dothraki;50;individual;Male. Generic Dothraki warrior that came with Daenerys from Essos.;;;;;;;;;;;;;<doth_first_male>;;<doth_first_male>;<doth_first_male>;<doth_first_male>;<doth_first_male>;<doth_first_male>;<doth_first_male>;<doth_first_male>;<doth_first_male>;<doth_first_male>;<doth_first_male>;The Dothraki;;Le dothraki;El Dothraki;ドスラク人;도트라키;多斯拉克人;多斯拉克人;Der Dothraki;Дотракиец;Il Dothraki;O Dothraki;Dothraki screamer;;Hurleur dothraki;Dothraki salvaje;叫ぶドスラク人;도트라키 병사;多斯拉克骑兵;多斯拉克騎兵;Dothraki-Krieger;Дотракийский крикун;Urlatore dothraki;Gritador Dothraki
forest_child;105;individual;Undefined. Representative of the Children of the Forest. Appears in the middle and the end game.;;;;;;;;;;;;;Moss;;Moss;Moss;モス;모스;摩斯;摩斯;Moos;Мох;Moss;Musgo;One of the Children;;Un des enfants;Uno de los Hijos;森の子;아이들 중 한 명;一个森林之子;一個森林之子;Eines der Kinder;Один из детей;Uno dei Figli;Um dos Filhos;Children of the Forest;;Enfant de la forêt;Hijos del Bosque;森の子ら;숲의 아이들;森林之子;森林之子;Kinder des Waldes;Дитя леса;Figli della Foresta;Filhos da Floresta
freefolk;90;individual;Female. Representative of the Willdkings.;;;;;;;;;;;;;<west_first_female>;;<west_first_female>;<west_first_female> <west_last>;<west_first_female>;<west_first_female>;<west_first_female>;<west_first_female>;<west_first_female>;<west_first_female>;<west_first_female>;<west_first_female>;The Wildling;;La sauvageonne;La Salvaje;ワイルドリング;와일들링;野人;野人;Der Wildling;Одичалая;La bruta;A Selvagem;Wildling;;Sauvageonne;Salvaje;ワイルドリング;와일들링;野人;野人;Wildling;Одичалая;Bruta;Selvagem
gendry;75;individual;Male. Talent from the show.;Gendry;;Gendry;Gendry;ジェンドリー;겐드리;詹德利;詹德利;Gendry;Джендри;Gendry;Gendry;Gendry;;Gendry;Gendry;ジェンドリー;겐드리;詹德利;詹德利;Gendry;Джендри;Gendry;Gendry;Gendry Baratheon;;Gendry Baratheon;Gendry Baratheon;ジェンドリー・バラシオン;겐드리 바라테온;詹德利·拜拉席恩;詹德利·拜拉席恩;Gendry Baratheon;Джендри Баратеон;Gendry Baratheon;Gendry Baratheon;;;;;;;;;;;;
goldcloak;89;individual;Male. Guard of the capital, King's Landing.;;;;;;;;;;;;;<west_first_male> <west_last>;;<west_first_male> <west_last>;<west_first_male> <west_last>;<west_first_male>・<west_last>;<west_first_male> <west_last>;<west_first_male> <west_last>;<west_first_male> <west_last>;<west_first_male> <west_last>;<west_first_male> <west_last>;<west_first_male> <west_last>;<west_first_male> <west_last>;The Gold Cloak;;Le Manteau d'or;El Capa Dorada;金マント;황금 망토;金袍子;金袍子;Der Goldrock;Золотой плащ;La Cappa Dorata;O Manto Dourado;Gold Cloak;;Manteau d'or;Capa Dorada;金マント;황금 망토;金袍子;金袍子;Goldrock;Золотой плащ;Cappa Dorata;Manto Dourado
handmaiden;32;individual;Female and people. Generic Handmaiden.;;;;;;;;;;;;;<west_first_female> <west_last>;;<west_first_female> <west_last>;<west_first_female> <west_last>;<west_first_female>・<west_last>;<west_first_female> <west_last>;<west_first_female> <west_last>;<west_first_female> <west_last>;<west_first_female> <west_last>;<west_first_female> <west_last>;<west_first_female> <west_last>;<west_first_female> <west_last>;The Handmaiden;;La servante;La Sirvienta;専属女中;시녀;侍女;侍女;Die Dienerin;Служанка;L'ancella;A Donzela;Handmaiden;;Servante;Sirvienta;専属女中;시녀;侍女;侍女;Dienerin;Служанка;Ancella;Donzela
jaime;74;individual;Male and Lannister. Talent from the show.;Jaime;;Jaime;Jaime;ジェイミー;제이미;詹姆;詹姆;Jaime;Джейме;Jaime;Jaime;Ser Jaime;;Ser Jaime;Sir Jaime;サー・ジェイミー;제이미 경;詹姆爵士;詹姆爵士;Ser Jaime;Сир Джейме;Ser Jaime;Sor Jaime;Jaime Lannister;;Jaime Lannister;Jaime Lannister;ジェイミー・ラニスター;제이미 라니스터;詹姆·兰尼斯特;詹姆·蘭尼斯特;Jaime Lennister;Джейме Ланнистер;Jaime Lannister;Jaime Lannister;;;;;;;;;;;;
jon;54;individual;Male and Stark. Talent from the show.;Jon;;Jon;Jon;ジョン;존;琼恩;瓊恩;Jon;Джон;Jon;Jon;Jon Snow;;Jon Snow;Jon Nieve;ジョン・スノウ;존 스노우;琼恩·雪诺;瓊恩·雪諾;Jon Schnee;Джон Сноу;Jon Snow;Jon Snow;Jon Snow;;Jon Snow;Jon Nieve;ジョン・スノウ;존 스노우;琼恩·雪诺;瓊恩·雪諾;Jon Schnee;Джон Сноу;Jon Snow;Jon Snow;;;;;;;;;;;;
kingsguard;87;individual;Male and military. Kingsguard or Queensguard, in charge of the ruler's protection.;;;;;;;;;;;;;Ser <west_first_male>;;Ser <west_first_male>;Sir <west_first_male>;サー・<west_first_male>;<west_first_male> 경;<west_first_male>爵士;<west_first_male>爵士;Ser <west_first_male>;Сир <west_first_male>;Ser <west_first_male>;Sor <west_first_male>;The Kingsguard;;Le garde royal;La Guardia del Rey;王の盾;킹스가드;御林铁卫;御林鐵衛;Die Königsgarde;Королевская гвардия;La Guardia Reale;O Guarda Real;(Kings*Queens)guard;;Garde Royal;Guardia (del Rey*de la Reina);(王*女王)の盾;(킹스*퀸스)가드;(国王*女王)护卫;(國王*女王)護衛;(Königs*Königinnen)garde;Стража (короля*королевы);Guardia (del Re*della Regina);Guarda (do Rei*da Rainha)
kirsten;101;individual;Female. Generic noble woman.;;;;;;;;;;;;;Lady Calloway;;Lady Calloway;Lady Calloway;レディ・キャロウェイ;레이디 캘러웨이;卡洛威夫人;卡洛威夫人;Lady Kallowey;Леди Кэллоуэй;Lady Calloway;Lady Calloway;The Ingenuous;;L'ingénue;La Ingeniosa;純真なる者;순진한 자;天真者;天真者;Die Treuherzige;Наивная;L'Ingenua;A Ingênua;House Lowrie;;Maison Calloway;Casa Lowrie;ロウリー家;로우리 가문;劳俐家族;劳俐家族;Haus Tiefrin;Дом Лоури;Casa Lowrie;Casa Lowrie
knight;88;individual;Male and military. Generic Knight.;;;;;;;;;;;;;Ser <west_first_male>;;Ser <west_first_male>;Sir <west_first_male>;サー・<west_first_male>;<west_first_male> 경;<west_first_male>爵士;<west_first_male>爵士;Ser <west_first_male>;Сир <west_first_male>;Ser <west_first_male>;Sor <west_first_male>;The Knight;;Le chevalier;El Caballero;騎士;기사;骑士;騎士;Der Ritter;Рыцарь;Il cavaliere;O Cavaleiro;Knight;;Chevalier;Caballero;騎士;기사;骑士;騎士;Ritter;Рыцарь;Cavaliere;Cavaleiro
lannister_soldier;103;individual;Male and military. Lannister guard.;;;;;;;;;;;;;Ser <west_first_male>;;Ser <west_first_male>;Sir <west_first_male>;サー・<west_first_male>;<west_first_male> 경;<west_first_male>爵士;<west_first_male>爵士;Ser <west_first_male>;Сир <west_first_male>;Ser <west_first_male>;Sor <west_first_male>;The Captain;;Le capitaine;El Capitán;隊長;대장;队长;隊長;Der Hauptmann;Капитан;Il Capitano;O Capitão;Captain of the Guard;;Capitaine de la Garde;Capitán de la Guardia;衛兵長;경비대장;护卫队队长;護衛隊隊長;Hauptmann der Wache;Капитан стражи;Capitano della Guardia;Capitão da Guarda
melisandre;51;individual;Female. Talent from the show. Will generally appear between reigns. Ominous, mysterious, lost.;;;;;;;;;;;;;Lady Melisandre;;Lady Mélisandre;Lady Melisandre;レディ・メリサンドル;레이디 멜리산드레;梅丽珊卓女士;梅麗珊卓女士;Lady Melisandre;Леди Мелисандра;Lady Melisandre;Lady Melisandre;The Red Priestess;;La Prêtresse Rouge;La Sacerdotisa Roja;紅の女;붉은 여사제;红祭司;紅祭司;Die Rote Priesterin;Красная жрица;La Sacerdotessa Rossa;A Sacerdotisa Vermelha;Red priestess;;Prêtresse Rouge;Sacerdotisa Roja;紅の女;붉은 여사제;红祭司;紅祭司;Rote Priesterin;Красная жрица;Sacerdotessa Rossa;Sacerdotisa Vermelha
militant;78;individual;Male and pious. Representative of the faith militant.;;;;;;;;;;;;;<west_last>;;<west_last>;<west_last>;<west_last>;<west_last>;<west_last>;<west_last>;<west_last>;<west_last>;<west_last>;<west_last>;The Militant;;Le militant;El Militante;聖兵;무장교단;民兵;民兵;Der Kriegerische Arm;Воин;Il Militante;O Militante;Faith Militant;;Foi Militante;Militante de la Fe;聖兵;무장교단;教会武装;教會武裝;Kriegerischer Arm des Glaubens;Святой воин;Credo Militante;Fé Militante
nobleman;48;individual;Male and noble. Generic noble man.;;;;;;;;;;;;;Lord <west_first_male>;;Lord <west_first_male>;Lord <west_first_male>;<west_first_male>公;<west_first_male> 경;Lord <west_first_male>;Lord <west_first_male>;Lord <west_first_male>;Лорд <west_first_male>;Lord <west_first_male>;Lorde <west_first_male>;House Caron;;Maison Caron;Casa Caron;カロン家;카론 가문;卡伦家族;卡倫家族;Haus Caron;Дом Каронов;Casa Caron;Casa Caron;House Caron;;Maison Caron;Casa Caron;カロン家;카론 가문;卡伦家族;卡倫家族;Haus Caron;Дом Каронов;Casa Caron;Casa Caron
pirate;91;individual;Male. Pirate from the Stepstones.;;;;;;;;;;;;;<west_first_male> <west_last>;;<west_first_male> <west_last>;<west_first_male> <west_last>;<west_first_male>・<west_last>;<west_first_male> <west_last>;<west_first_male> <west_last>;<west_first_male> <west_last>;<west_first_male> <west_last>;<west_first_male> <west_last>;<west_first_male> <west_last>;<west_first_male> <west_last>;The Pirate;;Le pirate;El Pirata;海賊;해적;海盗;海盜;Der Pirat;Пират;Il pirata;O Pirata;Pirate;;Pirate;Pirata;海賊;해적;海盗;海盜;Pirat;Пират;Pirata;Pirata
pyromancer;52;individual;Male. Head of the alchemist' guild. ;;;;;;;;;;;;;<west_first_male> <west_last>;;<west_first_male> <west_last>;<west_first_male> <west_last>;<west_first_male>・<west_last>;<west_first_male> <west_last>;<west_first_male> <west_last>;<west_first_male> <west_last>;<west_first_male> <west_last>;<west_first_male> <west_last>;<west_first_male> <west_last>;<west_first_male> <west_last>;The Pyromancer;;Le pyromant;El Piromante;炎使い;화염술사;火术士;火術士;Der Pyromantiker;Пиромант;Il Piromante;O Piromante;Pyromancer;;Pyromant;Piromante;炎使い;화염술사;火术士;火術士;Pyromantiker;Пиромант;Piromante;Piromante
sam;73;individual;Male. Talent from the show.;;;;;;;;;;;;;Samwell Tarly;;Samwell Tarly;Samwell Tarly;サムウェル・ターリー;샘웰 탈리;山姆威尔·塔利;山姆威爾·塔利;Samwell Tarly;Сэмвелл Тарли;Samwell Tarly;Samwell Tarly;Samwell Tarly;;Samwell Tarly;Samwell Tarly;サムウェル・ターリー;샘웰 탈리;山姆威尔·塔利;山姆威爾·塔利;Samwell Tarly;Сэмвелл Тарли;Samwell Tarly;Samwell Tarly;;;;;;;;;;;;
sansa;14;individual;Female and Stark. Talent from the show.;Sansa;;Sansa;Sansa;サンサ;산사;珊莎;珊莎;Sansa;Санса;Sansa;Sansa;Lady Sansa;;Lady Sansa;Lady Sansa;レディ・サンサ;레이디 산사;珊莎女士;珊莎女士;Lady Sansa;Леди Санса;Lady Sansa;Lady Sansa;Sansa Stark;;Sansa Stark;Sansa Stark;サンサ・スターク;산사 스타크;珊莎·史塔克;珊莎·史塔克;Sansa Stark;Санса Старк;Sansa Stark;Sansa Stark;;;;;;;;;;;;
sellsword;96;individual;Male. Generic sellsword from the Golden Company.;;;;;;;;;;;;;<west_first_male> <doth_first_male>;;<west_first_male> <doth_first_male>;<west_first_male> <doth_first_male>;<west_first_male>・<doth_first_male>;<west_first_male> <doth_first_male>;<west_first_male> <doth_first_male>;<west_first_male> <doth_first_male>;<west_first_male> <doth_first_male>;<west_first_male> <doth_first_male>;<west_first_male> <doth_first_male>;<west_first_male> <doth_first_male>;The Sellsword;;Le mercenaire;El Mercenario;傭兵;셀소드;雇佣兵;雇傭兵;Der Söldner;Наемник;Il mercenario;O Mercenário;Golden Company;;Compagnie Dorée;Compañía Dorada;黄金兵団;골든 컴퍼니;黄金团;黃金團;Goldene Kompanie;Золотые мечи;Compagnia Dorata;Companhia Dourada
septa;92;individual;Female and pious. Generic septa.;;;;;;;;;;;;;<west_first_female> <west_last>;;<west_first_female> <west_last>;<west_first_female> <west_last>;<west_first_female>・<west_last>;<west_first_female> <west_last>;<west_first_female> <west_last>;<west_first_female> <west_last>;<west_first_female> <west_last>;<west_first_female> <west_last>;<west_first_female> <west_last>;<west_first_female> <west_last>;The Septa;;La septa;La Septa;セプタ;셉타;修女;修女;Die Septa;Септа;La Septa;A Septa;Septa;;Septa;Septa;セプタ;셉타;修女;修女;Septa;Септа;Septa;Septa
tyrion;61;individual;Male and Lannister. Talent from the show.;Tyrion;;Tyrion;Tyrion;ティリオン;티리온;提利昂;提利昂;Tyrion;Тирион;Tyrion;Tyrion;Lord Tyrion;;Lord Tyrion;Lord Tyrion;ティリオン公;티리온 경;提利昂大人;提利昂大人;Lord Tyrion;Лорд Тирион;Lord Tyrion;Lorde Tyrion;Tyrion Lannister;;Tyrion Lannister;Tyrion Lannister;ティリオン・ラニスター;티리온 라니스터;提利昂·兰尼斯特;提利昂·蘭尼斯特;Tyrion Lennister;Тирион Ланнистер;Tyrion Lannister;Tyrion Lannister;;;;;;;;;;;;
unsullied;86;individual;Male. Generic unsullied.;;;;;;;;;;;;;<unsullied>;;<unsullied>;<unsullied>;<unsullied>;<unsullied>;<unsullied>;<unsullied>;<unsullied>;<unsullied>;<unsullied>;<unsullied>;The Unsullied;;L'Immaculé;El Inmaculado;穢れなき軍団;무결병;无垢者;無垢者;Der Unbefleckte;Безупречный;L'Immacolato;O Imaculado;Unsullied;;Immaculé;Inmaculado;穢れなき軍団;무결병;无垢者;無垢者;Unbefleckter;Безупречный;Immacolato;Imaculado
varys;59;individual;Male and people. Talent from the show.;;;;;;;;;;;;;Lord Varys;;Lord Varys;Lord Varys;ヴァリス公;바리스 경;瓦里斯大人;瓦里斯大人;Lord Varys;Лорд Варис;Lord Varys;Lorde Varys;Lord Varys;;Lord Varys;Lord Varys;ヴァリス公;바리스 경;瓦里斯大人;瓦里斯大人;Lord Varys;Лорд Варис;Lord Varys;Lorde Varys;;;;;;;;;;;;
walker;93;individual;Male. White Walker (doesn't speak).;;;;;;;;;;;;;? ? ?;;? ? ?;? ? ?;? ? ?;? ? ?;？？？;？？？;? ? ?;? ? ?;? ? ?;? ? ?;The White Walker;;Le marcheur blanc;El Caminante Blanco;ホワイト・ウォーカー;화이트 워커;异鬼;異鬼;Der Weiße Wanderer;Белый ходок;L'Estraneo;O Vagante Branco;White Walker;;Marcheur blanc;Caminante Blanco;ホワイト・ウォーカー;화이트 워커;异鬼;異鬼;Weißer Wanderer;Белый ходок;Estraneo;Vagante Branco
cat;98;special;Male cat. King of the castle.;;;;;;;;;;;;;Balerion;;Balerion;Balerion;バレリオン;발레리온;贝勒里恩;貝勒里恩;Balerion;Балерион;Balerion;Balerion;The Cat;;Le chat;El Gato;ネコ;고양이;猫;貓;Der Kater;Кот;Il gatto;O Gato;King of the Castle;;Roi du château;Rey del Castillo;城の主;성의 왕;城堡之王;城堡之王;König der Burg;Король Замка;Re del Castello;Rei do Castelo
crowd;71;special;Undefined. A crowd of people (generally in front of the Red Keep or before a big battle).;;;;;;;;;;;;;A crowd;;Une foule;Una multitud;人の群れ;군중;一群人;一群人;Eine Menge;Толпа;Una folla;Uma multidão;The Crowd;;La foule;La multitud;人の群れ;군중;人们;人們;Die Menge;Толпа;La folla;A Multidão;;;;;;;;;;;;
drogon;27;special;Dragon. Has eyes closed or open.;;;;;;;;;;;;;Drogon;;Drogon;Drogon;ドロゴン;드로곤;卓耿;卓耿;Drogon;Дрогон;Drogon;Drogon;The Dragon;;Le dragon;El Dragón;ドラゴン;드래곤;龙;龍;Der Drache;Дракон;Il drago;O Dragão;Dragon;;Dragon;Dragón;ドラゴン;드래곤;龙;龍;Drache;Дракон;Drago;Dragão
dungeon;68;special;Series of dungeon cards (showing rooms).;;;;;;;;;;;;;Dungeon;;Geôle;Mazmorra;地下牢獄;지하감옥;地牢;地牢;Verlies;Подземелье;Segrete;Masmorra;The Dungeon;;La geôle;La Mazmorra;地下牢獄;지하감옥;地牢;地牢;Das Verlies;Подземелье;Le segrete;A Masmorra;Below the Red Keep;;Sous le Donjon Rouge;Bajo la Fortaleza Roja;赤の王城の地下;레드 킵 아래;红堡之下;紅堡之下;Unter dem Roten Bergfried;Под Красным замком;Sotto la Fortezza Rossa;Abaixo do Forte Vermelho
raven;79;special;Black raven.;;;;;;;;;;;;;A raven;;Un corbeau;Un cuervo;カラス;큰까마귀;渡鸦;渡鴉;Ein Rabe;Ворон;Un corvo;Um corvo;The Raven;;Le corbeau;El Cuervo;カラス;큰까마귀;渡鸦;渡鴉;Der Rabe;Ворон;Il corvo;O Corvo;;;;;;;;;;;;
rhaegal;106;special;Dragon. Has eyes closed or open.;;;;;;;;;;;;;Rhaegal;;Rhaegal;Rhaegal;レイガル;라에갈;雷哥;雷哥;Rhaegal;Рейгаль;Rhaegal;Rhaegal;The Brother;;Le frère;El Hermano;兄弟;형제;弟弟;弟弟;Der Bruder;Брат;Il fratello;O Irmão;Dragon;;Dragon;Dragón;ドラゴン;드래곤;龙;龍;Drache;Дракон;Drago;Dragão
scorpion;63;special;War machine to shoot ballistas.;;;;;;;;;;;;;Dragon killer;;Tueur de dragon;Matadragones;ドラゴンキラー;드래곤 킬러;弑龙弩;弑龍弩;Drachentöter;Убийца драконов;Sterminatore di Draghi;Caça-dragões;The Scorpion;;Le scorpion;El Escorpión;スコーピオン;스콜피온;蝎子弩;蠍子弩;Der Skorpion;Скорпион;Lo Scorpione;O Escorpião;Scorpion;;Scorpion;Escorpión;スコーピオン;스콜피온;蝎子弩;蠍子弩;Skorpion;Скорпион;Scorpione;Escorpião
three_eyed_raven;45;special;Raven with 3 eyes.;;;;;;;;;;;;;Three-Eyed Raven;;Corneille à trois yeux;Cuervo de tres ojos;三つ目のカラス;세눈박이 큰까마귀;三眼乌鸦;三眼烏鴉;Dreiäugiger Rabe;Трехглазый ворон;Corvo con Tre Occhi;Corvo de Três Olhos;The Three-Eyed Raven;;La corneille à trois yeux;El Cuervo de tres ojos;三つ目のカラス;세눈박이 큰까마귀;三眼乌鸦;三眼烏鴉;Der Dreiäugige Rabe;Трехглазый ворон;Il Corvo con Tre Occhi;O Corvo de Três Olhos;;;;;;;;;;;;
throne;26;special;Iron Throne.;;;;;;;;;;;;;Iron Throne;;Trône de Fer;Trono de Hierro;鉄の玉座;철왕좌;铁王座;鐵王座;Eiserner Thron;Железный трон;Trono di Spade;Trono de Ferro;The Iron Throne;;Le Trône de Fer;El Trono de Hierro;鉄の玉座;철왕좌;铁王座;鐵王座;Der Eiserne Thron;Железный трон;Il Trono di Spade;O Trono de Ferro;;;;;;;;;;;;
weirwood;107;special;Weirwood tree. Appears at the end of ends.;;;;;;;;;;;;;The Weirwood;;Barral;El Arciano;ウィアウッド;위어우드;鱼梁木;魚梁木;Der Wehrholzbaum;Чардрево;L'Albero-Diga;A Weirwood;Weirwood;;Barral;Arciano;ウィアウッド;위어우드;鱼梁木;魚梁木;Wehrholzbaum;Чардрево;Albero-Diga;Weirwood;;;;;;;;;;;;
white_raven;80;special;White raven.;;;;;;;;;;;;;A white raven;;Un corbeau blanc;Un cuervo blanco;白カラス;흰색 큰까마귀;白鸦;白鴉;Ein weißer Rabe;Белый ворон;Un corvo bianco;Um corvo branco;The White Raven;;Le corbeau blanc;El Cuervo Blanco;白カラス;흰색 큰까마귀;白鸦;白鴉;Der Weiße Rabe;Белый ворон;Il corvo bianco;O Corvo Branco;;;;;;;;;;;;
wolf;60;special;Direwolf, Nymeria.;;;;;;;;;;;;;Nymeria;;Nymeria;Nymeria;ナイメリア;니메리아;娜梅莉亚;娜梅莉亞;Nymeria;Нимерия;Nymeria;Nymeria;The Direwolf;;Le loup géant;La Loba Huargo;大狼;다이어울프;冰原狼;冰原狼;Der Schattenwolf;Лютоволк;Il Metalupo;A Loba Gigante;Direwolf;;Loup géant;Loba Huargo;大狼;다이어울프;冰原狼;冰原狼;Schattenwolf;Лютоволк;Metalupo;Loba Gigante
antagonist;64;system;Characters and houses can be considered antagonists (when they go to war against you). tully&antagonist means "Representative of house Tully if he's at war with you". tyrell!antagonist means "Representative of house Tyrell if she's not at war with you".;;;;;;;;;;;;;;;;;;;;;;;;;;;;;;;;;;;;;;;;;;;;;;;;
anyone;19;system;Any individual or generic character.;;;;;;;;;;;;;;;;;;;;;;;;;;;;;;;;;;;;;;;;;;;;;;;;
commander;104;system;Male. Special ruler that appears only once when you've unlocked every ruler.;;;;;;;;;;;;;Orgo Magnar;;Orgo Magnar;Magnar Orgo;オルゴ・マグナー;오르고 마그나;奥尔戈·马格拿;奧爾戈·馬格拿;Orgo Magnar;Орго Магнар;Orgo Magnar;Orgo Magnar;;;;;;;;;;;;;Lord Commander;;Lord Commandant;Lord Comandante;総帥;사령관;总司令大人;總司令大人;Lord Kommandant;Лорд-командующий;Lord Comandante;Lorde Comandante
end;18;system;Death cards.;;;;;;;;;;;;;;;;;;;;;;;;;;;;;;;;;;;;;;;;;;;;;;;;
female;29;system;System tag.;;;;;;;;;;;;;;;;;;;;;;;;;;;;;;;;;;;;;;;;;;;;;;;;
male;28;system;System tag.;;;;;;;;;;;;;;;;;;;;;;;;;;;;;;;;;;;;;;;;;;;;;;;;
military;99;system;Male. Any individual or generic that has the tag "military". Soldier, Kingsguard, Crow, Knight, Sellsword, Lannister soldier.;;;;;;;;;;;;;;;;;;;;;;;;;;;;;;;;;;;;;;;;;;;;;;;;
noble;41;system;Male or female. Any individual or generic that has the tag "noble". Tyrell, Tully, Stark, Lannister, Nobleman, Arryn.;;;;;;;;;;;;;;;;;;;;;;;;;;;;;;;;;;;;;;;;;;;;;;;;
people;70;system;Male or female. Any individual or generic that has the tag "people". Varys, commoner_male, commoner_female, blacksmith, handmaiden, pyromancer, courtesan.;;;;;;;;;;;;;;;;;;;;;;;;;;;;;;;;;;;;;;;;;;;;;;;;
pious;81;system;Male or female. Any individual or generic that has the tag "pious". Septon, septa, militant, high_septon.;;;;;;;;;;;;;;;;;;;;;;;;;;;;;;;;;;;;;;;;;;;;;;;;
reigning;37;system;Male or female. Current ruler. ;;;;;;;;;;;;;;;;;;;;;;;;;;;;;;;;;;;;;;;;;;;;;;;;