tag;type;title;tu_title;fr_title;es_title;jp_title;ko_title;sc_title;tc_title;de_title;ru_title;it_title;bp_title;description;tu_description;fr_description;es_description;jp_description;ko_description;sc_description;tc_description;de_description;ru_description;it_description;bp_description
;;Max 30 char.;Max 30 char.;Max 30 char.;Max 30 char.;Max 30 char.;Max 30 char.;Max 30 char.;Max 30 char.;Max 30 char.;Max 30 char.;Max 30 char.;Max 30 char.;Max 140 char.;Max 140 char.;Max 140 char.;Max 140 char.;Max 140 char.;Max 140 char.;Max 140 char.;Max 140 char.;Max 140 char.;Max 140 char.;Max 140 char.;Max 140 char.
clearperfume;perfume;Royal Perfume;Kraliyet Parfümü;Parfum Royal;Perfume Real;王家の香水;왕국 향수;皇家香水;皇家香水;Königliches Parfüm;Королевские духи;Profumo reale;Perfume real;The charming scent of royalty. May win some people's hearts.;Kraliyet ailesinin etkileyici kokusu. Bazı insanların gönlünü kazanabilir.;Les effluves enchanteurs de la royauté. Peut gagner les faveurs de certains sujets.;La encantadora fragancia de la realeza. Seguro que conquista más de un corazón.;人によっては心が奪われる、+魅惑的な王族の香り。;매력적인 왕국의 향수입니다. 특정인을 매혹시킵니다.;皇家迷人香氛让你化身万人迷;皇家迷人香氛讓你化身萬人迷;Der charmante Duft des Herrscherhauses. Kann die Herzen mancher Leute erobern.;Чарующий аромат королевской власти. Помогает покорять сердца.;L'affascinante profumo della regalità. Potrebbe conquistare qualche cuore.;O odor fascinante da realeza. Poderá conquistar os corações de algumas pessoas.
dataresults;perfume;Your Results;Senin Sonuçların;Votre profil;Tus resultados;分析結果;나의 결과;分析结果;分析結果;Euer Ergebnis;Ваши результаты;Risultati;Seus resultados;A constellation of metadata about you is stored here.;Senin hakkında metaveri grubu burada saklanır.;Une constellation de métadonnées vous concernant est enregistrée ici.;Una constelación de metadatos acerca de ti está almacenada aquí.;ユーザーの全メタデータが+保管されている。;당신에 대한 별자리 메타데이터가 이곳에 저장되어 있습니다.;你的一切+尽在此瓶;你的一切+盡在此瓶;Hier ist eine Fülle von Metadaten über Euch gespeichert.;Вся совокупность метаданных о вас хранится здесь.;Qui è memorizzata una costellazione di metadati su di voi.;Aqui você pode encontrar uma constelação de metadados sobre você.
pistol;weapon;Duel Pistol;Düello Tabancası;Pistolet de Duel;Pistola de Duelo;決闘銃;결투용 권총;决斗手枪;決鬥手槍;Duellpistole;Дуэльный пистолет;Pistola da duello;Pistola de duelo;A jewel-studded ceremonial pistol, made for launching poetic duels.;Mücevherle süslenmiş bir tören tabancası, şairene düellolar için yapılmış.;Un pistolet de cérémonie incrusté de pierres précieuses, conçu pour les duels poétiques.;Un empuñadura ceremonial salpicada de joyas, diseñada para lanzar duelos poéticos.;宝石を散りばめた、+祭儀用のピストル。+詩吟対決に用いる。;보석으로 장식된 의식용 권총. 결투를 위해 만들어졌습니다.;镶满珠宝，庆典专用+专为诗意的决斗而设计;鑲滿珠寶，慶典專用+專為詩意的決斗而設計;Eine edelsteinbesetzte Pistole für Zeremonien und poetische Duelle.;Церемониальный пистолет, инкрустированный самоцветами. Предназначен для участия в поэтических дуэлях.;Una pistola cerimoniale ingioiellata, creata per lanciare duelli di poesia.;Uma pistola cerimonial cravejada de joias, feita para duelos poéticos.
flintlock;weapon;Lethal Pistol;Ölümcül Tabanca;Pistolet mortel;Pistola Letal;本物の銃;강력한 권총;致命手枪;致命手槍;Tödliche Pistole;Смертоносный пистолет;Pistola letale;Pistola letal;A river pirate has traded your ornamental pistol for a serious flintlock.;Bir nehir korsanı dekoratif tabancanı, ciddi bir çakmaklı tabancayla takas etti.;Une pirate fluviale vous a échangé ce sublime pistolet contre votre pistolet de cérémonie.;Una pirata fluvial te ha trocado una pistola ornamental por un señor fusil de chispa.;川の海賊が決闘銃と交換した、+本物のフリントロック銃。;강의 해적이 당신의 장식용 권총을 위험한 화약총으로 바꾸어 주었습니다.;一名河盗用这把燧发枪+换走了你的装饰手枪;一名河盜用這把燧發槍+換走了你的裝飾手槍;Eine Flusspiratin hat Eure Zierpistole gegen eine ernst zu nehmende Steinschlosswaffe eingetauscht.;В обмен на ваш разукрашенный пистолет речная пиратка дала вам настоящее кремневое оружие.;Una piratessa fluviale ha scambiato la vostra pistola ornamentale con una vera.;Uma pirata fluvial trocou a sua pistola ornamental por uma pistola de pederneira potente.
squirtgun;weapon;Gun Emoji;Silah Emojisi;Émoji de pistolet;Pistola Emoji;水鉄砲;총 이모티콘;手枪表情;手槍表情;Pistolen-Emoji;Эмодзи «Пистолет»;Pistola emoji;Emoji de arma;It's not a real gun, but some courts have ruled that gun emojis still constitute threats.;Gerçek bir silah değil, ama bazı saraylar silah emojilerinin de tehdit olduğuna karar verdi.;C'est une arme factice, mais certains tribunaux considèrent que cet émoji constitue quand même une menace.;No es una pistola de verdad pero algunos reinos han decretado que las pistolas de emojis se consideren aún como peligrosas.;一部の法廷では武器と認定された、+おもちゃの銃。;진짜 총은 아니지만, 몇몇 판사들은 이 총 이모티콘이 위험하다는 판결을 내렸습니다.;这不是什么真家伙+但是法庭还是规定手枪表情也算某种威胁;這不是什麼真傢伙+但是法庭還是規定手槍表情也算某種威脅;Es ist keine echte Waffe, aber einige Gerichte haben geurteilt, dass Pistolen-Emojis trotzdem eine Gefahr darstellen.;Это не настоящее оружие. Но некоторые суды постановили, что эмодзи в виде оружия также могут представлять угрозу.;Non è una pistola vera, ma in alcune corti è considerata pericolosa.;Não é uma arma de verdade, mas algumas cortes decretaram que os emojis de armas representam uma ameaça.
clock;mechanical;Strange Clock;Tuhaf Saat;Étrange Pendule;Reloj Bizarro;奇妙な時計;이상한 시계;奇怪的钟;奇怪的鐘;Seltsame Uhr;Странные часы;Orologio strano;Relógio estranho;A beautiful embellished clock with intricate parts designed in a Western pattern. It's in need of restoration.;Karmaşık kısımları Batı deseniyle tasarlanmış, güzel bir süslü saat. Restore edilmesi gerek.;Une magnifique pendule ornementée faite de mécanismes complexes typiques de l'artisanat de l'Ouest. Elle a besoin d'être restaurée.;Un bello reloj con intrincadas partes y diseño occidental. Necesita restauración.;精緻なパーツで美しく飾られた、+西方の時計。修復が必要。;복잡한 부분은 서양식으로 만들어진 아름답게 장식된 시계. 수리가 필요합니다.;精巧繁复的一款钟表+极具西方审美气质+不过需要修一修;精巧繁複的一款鐘錶+極具西方審美氣質+不過需要修一修;Eine schöne, verzierte Uhr mit komplizierten Teilen nach westlicher Art. Sie muss restauriert werden.;Искусно украшенные часы тонкой работы в западном стиле. Требуют ремонта.;Un bellissimo orologio dai componenti intricati, così come si usa fare nell'Ovest. Ha bisogno di un bel restauro.;Um belo relógio ornamentado com peças complexas e fabricado com um padrão Ocidental. Precisa ser restaurado.
advancedclock;mechanical;Destiny Clock;Kader Saati;Pendule du Destin;Reloj del Destino;運命の時計;운명의 시계;命运之钟;命運之鐘;Schicksalsuhr;Часы судьбы;Orologio del destino;Relógio do destino;A beautiful embellished clock. Turning its gears in the right location can allow you to change your astrological destiny...;Güzel bir süslü saat. Çarklarını doğru yere çevirmek, astrolojik kaderini değiştirmene izin verebilir...;Une magnifique pendule ornementée. Faire tourner ses mécanismes au bon endroit peut modifier le destin que les astres vous réservent.;Un bello reloj adornado. Girar su mecanismo en la dirección correcta te puede permitir cambiar tu destino astrológico.;美しく飾られた時計。+歯車を正しい位置へ回せば、+星の運命を変えられる…;아름답게 장식된 시계. 기어를 알맞게 돌리면 운명을 바꿀 수 있습니다…;样式精美的钟表+转动正确的齿轮+你就能改变自己的命运…;樣式精美的鐘錶+轉動正確的齒輪+你就能改變自己的命運…;Eine schöne, verzierte Uhr. Werden die Zahnräder an die richtige Stelle gedreht, könnt Ihr Eure astrologische Bestimmung ändern ...;Искусно украшенные часы. Заведя их в подходящем для этого месте, вы сможете изменить судьбу, предначертанную вам звездами.;Un bellissimo orologio impreziosito da dettagli. Se si sposta il meccanismo nel modo giusto, può cambiare il vostro destino astrologico...;Um belo relógio ornamentado. Se você girar as engrenagens no local certo, poderá mudar o seu destino astrológico…
creditcard;mechanical;Destiny Card;Kader Kartı;Carte du Destin;Carta del Destino;運命のカード;운명의 카드;命运信用卡;命運信用卡;Schicksalskarte;Карта судьбы;Carta del destino;Carta do destino;This magic card can enrich the present at the expense of the future.;Bu sihirli kart, gelecek pahasına şimdiyi zenginleştirebilir.;Cette carte magique peut enrichir le présent au détriment de l'avenir.;Esta tarjeta mágica puede mejorar tu presente, a costa de tu futuro.;未来を犠牲にして今を豊かにする、+魔法のカード。;이 마법 카드는 미래를 대가로 현재에 복을 불러옵니다.;这张魔法信用卡能透支将来+加强当下;這張魔法信用卡能透支將來+加強當下;Diese magische Karte kann die Gegenwart auf Kosten der Zukunft bereichern.;Эта волшебная карта может раскрасить ваше настоящее за счет будущего.;Questa carta magica può arricchire il vostro presente, ma sarà il futuro a farne le spese.;Esta carta mágica poderá enriquecer o presente às custas do futuro.
chickenbone;relic;Chicken Bone;Tavuk Kemiği;Os de poulet;Hueso de Pollo;ニワトリの骨;닭 뼈;鸡骨头;雞骨頭;Hühnerknochen;Куриная кость;Osso di pollo;Osso de galinha;It looks like it's the leg bone of a small chicken. It's a little crooked.;Küçük bir tavuğun bacak kemiği gibi görünüyor. Biraz eğri.;On dirait l'os de la cuisse d'un petit poulet. Il est un peu tordu.;Parece el huesecillo de una pequeña pata de pollo. Está un poco retorcido.;ちょっぴり曲がった、+小さなニワトリの脚の骨。;작은 닭의 왼쪽 다리뼈처럼 보입니다. 약간 굽었습니다.;看着像是一只小鸡的鸡腿骨，有点弯;看著像是一隻小雞的雞腿骨，有點彎;Das scheint der Beinknochen eines kleinen Huhns zu sein. Er ist leicht gebogen.;Похоже, это — кость ноги цыпленка. Она немного изогнута.;Sembra sia l'osso della zampa di un piccolo pollo. Probabile che il pennuto fosse zoppo.;Parece ser o osso da pata de um frango. Está um pouco torto.
enameledbone;relic;Saint's Bone;Aziz Kemiği;Ossement de Saint;Hueso de Santo;聖者の骨;성인의 뼈;圣鸡骨;聖雞骨;Heiligenknochen;Кость святого;Osso del santo;Osso de santo;The chicken bone has been recognized by the Golden Church as a holy relic. ;Altın Kilise tarafından kutsal bir eser olarak tanınmış tavuk kemiği.;L'os de poulet a été reconnu comme une sainte relique par l'Église.;El hueso de pollo ha sido reconocido por la Iglesia Dorada como una reliquia sagrada.;今や黄金教会はニワトリの骨を、+聖遺物と認定した。;닭 뼈가 교회에겐 성유물로 받아들여졌습니다.;金色教堂认定这只鸡骨头是圣迹;金色教堂認定這只雞骨頭是聖跡;Der Hühnerknochen wurde von der Goldenen Kirche als heilige Reliquie anerkannt.;Золотая церковь признала эту куриную кость священной реликвией.;La Chiesa dorata ha riconosciuto l'osso del pollo come reliquia sacra. ;O osso de galinha foi reconhecido pela Igreja Áurea como uma relíquia sagrada.
sacredtablet;relic;Sacred Tablet;Kutsal Tablet;Tablette sacrée;Tableta Secreta;聖なるタブレット;신성한 태블릿;神圣平板;神聖平板;Geweihte Tafel;Священная дощечка;Tablet sacro;Tablet sagrado;It's a creepy glass tablet device. For some reason, you can't stop touching and checking it.;Ürpertici bir cam tablet cihazı. Bir nedenden ötürü, ona dokunmayı ve kontrol etmeyi bırakamıyorsun.;C'est une étrange machine en verre. Vous ne pouvez pas vous empêcher de la toucher et de la consulter sans cesse.;Es un repulsivo artefacto de cristal en forma de tableta. For algún motivo, no puedes dejar de toquetearlo y consultarlo.;奇妙なガラス張りのタブレット。+指で触らずにはいられない。;무서운 태블릿 기기입니다. 왠진 모르겠지만 만지는 것을 멈출 수 없습니다.;一块诡异的玻璃平板装置+不知道为啥+你就是忍不住想去戳一下看一眼;一塊詭異的玻璃平板裝置+不知道為什么+你就是忍不住想去戳一下看一眼;Ein unheimliches Glastafel-Gerät. Irgendetwas zwingt Euch, immer wieder draufzusehen und es zu berühren.;Пугающее устройство со стеклянным покрытием. Вы почему-то никак не заставите себя перестать его касаться или заглядывать в него.;Un inquietante dispositivo dalla superficie di vetro. Per qualche strana ragione non riuscite a smettere di toccarlo e di usarlo.;Um estranho tablet de vidro. Você nem sabe como, mas não consegue parar de tocar e mexer nele.
blankspellbook;spellbook;Blank Spellbook;Boş Büyü Kitabı;Grimoire vierge;Libro Virgen de Conjuros;白紙の呪文書;비어있는 주문서;无字魔法书;無字魔法書;Leeres Zauberbuch;Пустая книга заклинаний;Libro di incantesimi vuoto;Livro de feitiços;A mysterious book given to you in a vision. It's entirely blank.;Bir görü sırasında sana verilmiş gizemli bir kitap. Tamamen boş.;Un mystérieux livre qui vous a été donné dans une vision. Mais toutes ses pages sont blanches.;Recibes un libro misterioso en una de tus visiones. Está totalmente en blanco.;夢の中で授かった謎の本。+中はすべて白紙のまま。;환상처럼 당신에게 생긴 신비한 책. 텅 비어있습니다.;一本神秘的书+完全空白;一本神秘的書+完全空白;Ein geheimnisvolles Buch, das Ihr in einer Vision erhalten habt. Es ist völlig leer.;Загадочная книга, которую вы получили в своем видении. Она абсолютно пуста.;Un libro misterioso, che vi è stato donato durante una visione. È completamente vuoto.;Um livro misterioso que lhe foi dado em uma visão. Está em branco.
redspellbook;spellbook;Red Spellbook;Kırmızı Büyü Kitabı;Grimoire rouge;Libro Rojo de Conjuros;赤い呪文書;붉은 주문서;红色魔法书;紅色魔法書;Rotes Zauberbuch;Красная книга заклинаний;Libro di incantesimi rosso;Livro de feitiços vermelho;The book turned red when the acolyte marked it! You notice impressions of animals in the leather cover.;Sofu işaretlediğinde kitap kırmızıya dönüştü! Deri kapta hayvan baskıları fark ediyorsun.;Le grimoire est devenu rouge quand la Disciple y a inscrit un sort. Vous remarquez des gravures d'animaux dans la reliure en cuir.;¡El libro se vuelve rojo justo donde la discípula lo marcó! Te percatas de una serie de grabados de animales en la cubierta de cuero.;侍祭の書き込みで赤くなった。+革張りの表紙には、+動物の印が浮かんでいる。;여사제가 손을 대자 책이 붉게 변했습니다! 가죽 커버에서 동물의 느낌이 납니다.;侍祭题字的时候书变红了！+你注意到皮质封面上有动物印记;侍祭題字的時候書變紅了！+你注意到皮質封面上有動物印記;Das Buch wurde rot, als die Akolythin es markierte! Euch fallen in den Ledereinband eingeprägte Tiere auf.;Жрица начертала в книге знак, и книга стала красной! На кожаной обложке можно заметить следы животных.;Il libro è diventato rosso quando l'accolita ci ha scritto sopra! Notate i segni degli animali sulla copertina in pelle.;O livro ficou vermelho quando a acólita o marcou! Você nota animais impressos na capa de couro.
eclipsebook;spellbook;Celestial Spellbook;Kutsal Büyü Kitabı;Grimoire céleste;Libro Celestial de Conjuros;天の呪文書;천체 주문서;神之魔法书;神之魔法書;Himmlisches Zauberbuch;Небесная книга заклинаний;Libro di incantesimi celeste;Livro de feitiços celestial;The All-Mother herself has marked your book. It's now dark, with a sun and moon design.;Yüze Ana'nın kendisi kitabını işaretledi. Artık koyu, güneş ve ay tasarımı var.;La Mère Toute-Puissante elle-même a écrit dans votre grimoire. Il est noir à présent, orné de dessins du Soleil et de la Lune.;La Madre de Todo en persona ha grabado el libro. Es oscuro, con unos dibujos de la luna y el sol.;万物の母その人が触れた今、+本は黒っぽく変色し、+太陽と月の絵が浮かんでいる。;만물의 어머니가 당신의 책에 표식을 남겼습니다. 이제 어둡게 변했으며, 태양과 달이 그려져있습니다.;万物之母亲自为书题字+它的颜色变得阴暗+带着日月之标记;萬物之母親自爲書題字+它的顔色變得陰暗+帶著日月之標記;Die Allmutter persönlich hat Euer Buch markiert. Jetzt ist es dunkel und mit Sonne und Mond verziert.;Сама Мать всего сущего начертала знак в вашей книге. Теперь она темная, с изображением солнца и луны.;L'Onnimadre in persona ha scritto qualcosa sul libro. Ora è scuro, con il disegno di un sole e di una luna.;A Mãe Suprema em pessoa marcou o seu livro. Agora ele está escuro e apresenta um sol e uma lua.
redplague_reign;special;Red Plague;Kızıl Veba;Peste Rouge;Plaga Roja;赤死病;붉은 전염병;血色瘟疫;血色瘟疫;Rote Seuche;Красная чума;Peste rossa;Peste Vermelha;The kingdom is silently succumbing to the ravages of the Red Plague.;Krallık sessizce Kızıl Veba'nın yıkımına yenik düşüyor.;Le Royaume est décimé par la Peste Rouge.;El reino sucumbe silenciosamente a los estragos de la Plaga Roja.;赤死病のもたらす破壊が、+王国を静かに殺してゆく。;왕국은 붉은 전염병에 굴복해 침묵이 퍼졌습니다.;整个王国笼罩在血色瘟疫的恐怖之下;整個王國籠罩在血色瘟疫的恐怖之下;Das Königreich erliegt still und leise der Heimsuchung durch die Rote Seuche.;Королевство медленно сдает позиции под натиском Красной чумы.;Il regno sta lentamente soccombendo alle disgrazie causate dalla peste rossa.;O reino está sucumbindo silenciosamente à devastação provocada pela Peste Vermelha.
statue;special;Partnership Monument;Ortaklık Anıtı;Monument de l'Alliance;Monumento a la Colaboración;友好の碑;동반자 기념비;合作纪念碑;合作紀念碑;Bündnis-Monument;Монумент «Партнерство»;Monumento alla collaborazione;Monumento da Parceria;The queen of the Northwest has promised you her support in a crisis.;Kuzeybatı'nın kraliçesi bir krizde sana destek sözü verdi.;La Reine du Nord-Ouest vous a promis son soutien en cas de crise.;La reina del noroeste te ha prometido su apoyo en tiempos de crisis.;北西の王妃は有事の際、+わが国を支援すると約束した。;북서쪽의 여왕이 위기 때 당신을 돕겠다고 한 증거입니다.;西北王后允诺，会在危机中对你出手相助;西北王后允諾，會在危機中對你出手相助;Die Königin des Nordwestens hat Euch ihre Unterstützung in einer Krise zugesichert.;Королева северо-запада пообещала вам поддержку в трудные времена.;La Regina di Nord-Ovest ha promesso di aiutarvi nei momenti più difficili.;A rainha do Noroeste prometeu apoiá-la em tempos de crise.
wonderhall;special;Hall of Wonders;Harikalar Salonu;Galerie des Merveilles;Auditorio de las Maravillas;奇跡の館;모험 기록실;奇观大厅;奇觀大廳;Halle der Wunder;Зал чудес;Salone delle meraviglie;Salão das Maravilhas;A priceless collection gathered by the Explorers Society. It's all in your honor.;Kaşifler Topluluğu tarafından toplanmış paha biçilemez bir koleksiyon. Hepsi senin onuruna.;Une inestimable collection rassemblée par le Cercle des Explorateurs en votre honneur.;Una colección de valor incalculable reunida por la Sociedad de Exploradores. Todo ello en vuestro honor.;探検協会が女王の名の下に収集した、+貴重な宝物品が収蔵されている。;탐험단이 탐험을 하며 모은 값진 수집품이 모인 곳. 모두 당신의 소유물입니다.;探险家协会收集的无价之宝+现在都归你了;探險家協會收集的無價之寶+現在都歸你了;Eine kostbare Sammlung, zusammengetragen von der Gesellschaft der Entdecker. Alles Euch zu Ehren.;Бесценная коллекция, собранная членами Исследовательского общества. Конечно же, в вашу честь.;Una collezione di inestimabile valore, raccolta dalla Società degli esploratori. È dedicata a voi.;Uma coleção inestimável reunida pela Sociedade de Exploradores.
philocentre;special;Center for Philosophy;Felsefe Merkezi;Faculté de philosophie;Centro para la Filosofía;哲学の殿堂;철학원;哲学院;哲學院;Zentrum für Philosophie;Философская школа;Centro filosofico;Centro de Filosofia;A widely-regarded hall of philosophical study and enlightenment.;Yaygın olarak saygı duyulan bir felsefi çalışma ve aydınlanma salonu.;Un édifice célèbre qui attire les érudits du monde entier.;Un salón de estudio filosófico e iluminación altamente considerado.;哲学的研究と啓蒙の聖地として、+広く知られている。;철학 연구와 계몽의 장으로 널리 알려져 있습니다.;著名的哲学著作和思想启迪大厅;著名的哲學著作和思想啟迪大廳;Ein angesehener Ort der philosophischen Studien und der Aufklärung.;Прославленный центр философских изысканий и просвещения.;Un salone importante, dedicato allo studio della filosofia e delle illuminazioni.;Um centro de estudo e conhecimento filosófico de boa reputação.